OBJECTID,SITE_CODE,SITE_NAME,AC,TIPO,HECTAREAS,Shape_Leng,Shape_Area
1,ES0000001,Illas Cíes,GALICIA,C,996.148820686,22175.3137509,9961488.20686
2,ES1110001,Ortigueira - Mera,GALICIA,B,3881.66273328,111110.839742,38816627.3328
3,ES1110002,Costa Ártabra,GALICIA,B,7576.33873914,312659.782541,75763387.3914
4,ES1110003,Fragas do Eume,GALICIA,B,9162.41538289,120248.370851,91624153.8289
5,ES1110004,Encoro de Abegondo - Cecebre,GALICIA,B,530.905245874,42603.015147,5309052.45874
6,ES1110005,Costa da Morte,GALICIA,B,11880.7471731,441557.787536,118807471.731
7,ES1110006,Complexo húmido de Corrubedo,GALICIA,B,9319.11728899,97725.502761,93191172.8899
8,ES1110007,Betanzos - Mandeo,GALICIA,B,1024.43912903,102296.229847,10244391.2903
9,ES1110008,Carnota - Monte Pindo,GALICIA,B,4702.64375494,89848.973323,47026437.5494
10,ES1110009,Costa de Dexo,GALICIA,B,348.094481572,25142.0496419,3480944.81572
11,ES1110010,Estaca de Bares,GALICIA,B,854.342631472,48265.9800839,8543426.31472
12,ES1110011,Esteiro do Tambre,GALICIA,B,1590.58339629,63191.1674394,15905833.9629
13,ES1110012,Monte e lagoa de Louro,GALICIA,B,1102.52605398,33018.4488299,11025260.5398
14,ES1110013,Xubia - Castro,GALICIA,B,2082.45481103,88143.4142564,20824548.1103
15,ES1110014,Serra do Careón,GALICIA,B,6687.33349641,110337.683019,66873334.9641
16,ES1110015,Río Anllóns,GALICIA,B,162.865413172,90439.0869147,1628654.13172
17,ES1110016,Río Tambre,GALICIA,B,585.997776558,333831.639705,5859977.76558
18,ES1120001,Ancares - Courel,GALICIA,B,102852.654037,450267.629878,1028526540.37
19,ES1120002,Río Eo,GALICIA,B,984.136022719,300546.896285,9841360.22719
20,ES1120003,Parga - Ladra - Támoga,GALICIA,B,4955.07073793,542309.131944,49550707.3793
21,ES1120004,A Marronda,GALICIA,B,1242.07306916,38993.3613734,12420730.6916
22,ES1120005,As Catedrais,GALICIA,B,298.102709413,42012.8055906,2981027.09413
23,ES1120006,Carballido,GALICIA,B,4838.53548905,185234.293025,48385354.8905
24,ES1120007,Cruzul - Agüeira,GALICIA,B,653.095498128,74463.324144,6530954.98128
25,ES1120008,Monte Faro,GALICIA,B,2999.36423947,39894.7995805,29993642.3947
26,ES1120009,Monte Maior,GALICIA,B,1250.79812799,26663.1185597,12507981.2799
27,ES1120010,Negueira,GALICIA,B,4554.95263102,37196.3484799,45549526.3102
28,ES1120011,Ría de Foz - Masma,GALICIA,B,644.771567017,90845.4729377,6447715.67017
29,ES1120012,Río Landro,GALICIA,B,127.585846511,46049.8927969,1275858.46511
30,ES1120013,Río Ouro,GALICIA,B,109.206160404,53057.4530014,1092061.60404
31,ES1120014,Canón do Sil,GALICIA,B,5933.41192043,101582.858118,59334119.2043
32,ES1120015,Serra do Xistral,GALICIA,B,23033.7508986,209732.856173,230337508.986
33,ES1120016,Río Cabe,GALICIA,B,1791.92794214,216613.271688,17919279.4214
34,ES1120017,Costa da Mariña occidental,GALICIA,B,492.740960857,103829.017037,4927409.60857
35,ES1130001,Baixa Limia,GALICIA,B,34063.7185849,221194.039443,340637185.849
36,ES1130002,Macizo Central,GALICIA,B,47107.3416171,252648.284777,471073416.171
37,ES1130003,Bidueiral de Montederramo,GALICIA,B,1989.7185076,28778.9927705,19897185.076
38,ES1130004,Pena Veidosa,GALICIA,B,2330.0048342,45344.8880534,23300048.342
39,ES1130005,Río Támega,GALICIA,B,632.312461238,161311.498075,6323124.61238
40,ES1130006,Veiga de Ponteliñares,GALICIA,B,160.348823755,9151.82606187,1603488.23755
41,ES1130007,Pena Trevinca,GALICIA,B,24943.7739075,193042.738766,249437739.075
42,ES1130008,Pena Maseira,GALICIA,B,5750.96427881,61155.9036676,57509642.7881
43,ES1130009,Serra da Enciña da Lastra,GALICIA,C,1790.21077062,39396.5955806,17902107.7062
44,ES1140001,Sistema fluvial Ulla - Deza,GALICIA,B,1641.38721749,247578.268977,16413872.1749
45,ES1140002,Río Lérez,GALICIA,B,150.322229853,39249.3065259,1503222.29853
46,ES1140003,A Ramallosa,GALICIA,B,92.5078767521,5678.12086914,925078.767521
47,ES1140004,Complexo Ons - O Grove,GALICIA,B,7650.59177541,113487.787288,76505917.7541
48,ES1140005,Monte Aloia,GALICIA,B,787.120376283,24714.9297252,7871203.76283
49,ES1140006,Río Tea,GALICIA,B,358.129706083,147869.294913,3581297.06083
50,ES1140007,Baixo Miño,GALICIA,B,2886.49638029,198923.129729,28864963.8029
51,ES1140008,Brañas de Xestoso,GALICIA,B,1082.1411909,26002.5261186,10821411.909
52,ES1140009,Cabo Udra,GALICIA,B,626.5699074,15640.0783337,6265699.074
53,ES1140010,Costa da Vela,GALICIA,B,1427.02831778,25946.3330981,14270283.1778
54,ES1140011,Gándaras de Budiño,GALICIA,B,730.961088121,32362.1288756,7309610.88121
55,ES1140012,Illas Estelas,GALICIA,B,729.449865836,15722.6879485,7294498.65836
56,ES1140013,Serra do Candán,GALICIA,B,10746.8908224,81941.9013377,107468908.224
57,ES1140014,Serra do Cando,GALICIA,B,5484.40985094,94171.9648827,54844098.5094
58,ES1140015,Sobreirais do Arnego,GALICIA,B,1128.26120049,59365.9022849,11282612.0049
59,ES1140016,Enseada de San Simón,GALICIA,B,2230.0883829,40588.3378942,22300883.829
60,ES0000085,Ribadeo,GALICIA,A,625.90379474,31592.8184021,6259037.9474
61,ES0000086,Ría de Ortigueira e Ladrido,GALICIA,A,3036.14222731,34096.7309319,30361422.2731
62,ES0000087,"Complexo intermareal Umia - O Grove, A Lanzada, punta Carreirón e lagoa Bodeira",GALICIA,A,2828.52893908,65492.7181674,28285289.3908
63,ES0000176,Costa da Morte (Norte),GALICIA,A,8007.50024719,141164.815429,80075002.4719
64,ES0000254,Illa de Ons,GALICIA,A,929.242821085,20984.189591,9292428.21085
65,ES0000258,Costa de Ferrolterra - Valdoviño,GALICIA,A,4284.32654211,66850.4990783,42843265.4211
66,ES0000313,Complexo litoral de Corrubedo,GALICIA,A,977.364900922,19563.1447073,9773649.00922
67,ES0000372,Costa da Mariña occidental,GALICIA,A,2175.32913425,67648.6753152,21753291.3425
68,ES0000373,Ría de Foz,GALICIA,A,565.075108441,21997.9254472,5650751.08441
69,ES0000374,Ancares,GALICIA,A,12678.4261688,94620.9647389,126784261.688
70,ES0000375,Esteiro do Miño,GALICIA,A,1697.70041113,61350.4778362,16977004.1113
71,ES0000376,Baixa Limia - Serra do Xurés,GALICIA,A,31419.1285209,204957.146414,314191285.209
72,ES0000436,A Limia,GALICIA,A,6963.42357355,121474.147732,69634235.7355
73,ES0000437,Pena Trevinca,GALICIA,A,22553.8002017,139325.618178,225538002.017
74,ES5310125,Albufera de Mallorca,ILLES BALEARS,B,2149.54038466,29689.6720164,21495403.8466
75,ES5310113,La Vall,ILLES BALEARS,B,3152.50189252,42686.4847917,31525018.9252
76,ES5310112,Nord de Sant Joan,ILLES BALEARS,B,1934.79954659,32418.1480144,19347995.4659
77,ES5310111,Àrea marina Platja de Migjorn,ILLES BALEARS,B,2052.87829163,37925.4685075,20528782.9163
78,ES5310110,Àrea marina Platja de Tramuntana,ILLES BALEARS,B,1426.40342297,20676.7338581,14264034.2297
79,ES5310109,Àrea marina de cala Saona,ILLES BALEARS,B,452.376579338,10025.4549237,4523765.79338
80,ES5310107,Àrea marina de Tagomago,ILLES BALEARS,B,746.665063954,31233.6317218,7466650.63954
81,ES5310106,Àrea marina de ses Margalides,ILLES BALEARS,B,98.8658880472,5998.55582667,988658.880472
82,ES5310105,Es Amunts d'Eivissa,ILLES BALEARS,B,1464.98890742,43396.5044603,14649889.0742
83,ES5310104,Costa de l'Oest d'Eivissa,ILLES BALEARS,B,1279.63777834,50768.3785281,12796377.7834
84,ES5310103,Àrea marina Cap de cala Figuera,ILLES BALEARS,B,129.750148438,5327.30304294,1297501.48438
85,ES5310100,Punta des Ras,ILLES BALEARS,B,12.9792239655,4508.9764385,129792.239655
86,ES5310098,Cales de Manacor,ILLES BALEARS,B,589.48969452,20780.44799,5894896.9452
87,ES5310096,Punta de n'Amer,ILLES BALEARS,B,530.437962234,10696.1451588,5304379.62234
88,ES5310095,Can Picafort,ILLES BALEARS,B,44.5871119699,4920.49199526,445871.119699
89,ES5310094,Cala Figuera,ILLES BALEARS,B,67.2632456388,4707.95615545,672632.456388
90,ES5310093,Formentor,ILLES BALEARS,B,257.164038578,10487.7725493,2571640.38578
91,ES5310087,Bàlitx,ILLES BALEARS,B,334.399007233,18770.5086266,3343990.07233
92,ES5310084,Torre Picada,ILLES BALEARS,B,123.255072597,9023.17691315,1232550.72597
93,ES5310082,S'Estaca - Punta de Deià,ILLES BALEARS,B,1008.99895857,18999.2470282,10089989.5857
94,ES5310081,Port des Canonge,ILLES BALEARS,B,618.704631876,20417.0448622,6187046.31876
95,ES5310078,De Cala de Ses Ortigues a cala Estellencs,ILLES BALEARS,B,862.731415275,33650.7586125,8627314.15275
96,ES5310077,Es Rajolí,ILLES BALEARS,B,111.406042408,5515.70755481,1114060.42408
97,ES5310076,Serral d'en Salat,ILLES BALEARS,B,105.322726742,5300.04643482,1053227.26742
98,ES5310075,Arenal de Son Saura,ILLES BALEARS,B,348.64455743,11737.5583852,3486445.5743
99,ES5310074,De cala Llucalari a Cales Coves,ILLES BALEARS,B,1074.92897164,24243.0153897,10749289.7164
100,ES5310073,Àrea marina Punta Prima - Illa de l'Aire,ILLES BALEARS,B,1333.52390702,24386.7210704,13335239.0702
101,ES5310072,Caleta de Binillautí,ILLES BALEARS,B,159.780030213,7838.76868559,1597800.30213
102,ES5310071,Cala en Brut,ILLES BALEARS,B,39.5482751753,4024.62693178,395482.751753
103,ES5310070,Punta Redona - Arenal d'en Castell,ILLES BALEARS,B,1012.99508413,26525.9628218,10129950.8413
104,ES5310069,Cala d'Algairens,ILLES BALEARS,B,141.859760642,9181.93789162,1418597.60642
105,ES5310068,Cap Negre,ILLES BALEARS,B,738.716985895,12571.3801028,7387169.85895
106,ES5310036,Àrea marina del Sud de Ciutadella,ILLES BALEARS,B,2257.64632088,39629.9646463,22576463.2088
107,ES5310035,Àrea marina del Nord de Menorca,ILLES BALEARS,B,5140.48971868,102574.298473,51404897.1868
108,ES5310033,Xarraca,ILLES BALEARS,B,779.66396463,28608.0080071,7796639.6463
109,ES5310032,Cap Llentrisca - Sa Talaia,ILLES BALEARS,B,3098.32508754,51513.8054138,30983250.8754
110,ES5310031,Porroig,ILLES BALEARS,B,113.607242435,5783.83652998,1136072.42435
111,ES5310030,Costa de Llevant,ILLES BALEARS,B,1851.87580763,77738.1040993,18518758.0763
112,ES5310025,Cap de Barbaria,ILLES BALEARS,C,2484.44118074,26957.4656174,24844411.8074
113,ES5310024,La Mola,ILLES BALEARS,C,2197.47143897,43593.8903384,21974714.3897
114,ES5310023,Illots de Ponent d'Eivissa,ILLES BALEARS,C,2543.64171596,19468.8449349,25436417.1596
115,ES0000241,Costa dels Amunts,ILLES BALEARS,C,687.726434813,39895.4417064,6877264.34813
116,ES0000240,Costa Sud de Ciutadella,ILLES BALEARS,C,1133.00842191,38499.6497363,11330084.2191
117,ES0000239,De Binigaus a cala Mitjana,ILLES BALEARS,C,1853.80907381,78487.4573582,18538090.7381
118,ES0000238,Son Bou i barranc de sa Vall,ILLES BALEARS,C,1185.09112851,47728.5888994,11850911.2851
119,ES0000237,Des Canutells a Llucalari,ILLES BALEARS,C,1822.14470118,57872.7297369,18221447.0118
120,ES0000234,S'Albufera des Grau,ILLES BALEARS,C,2561.49411176,23366.9911121,25614941.1176
121,ES0000233,D'Addaia a s'Albufera,ILLES BALEARS,C,2840.40637115,38101.1082587,28404063.7115
122,ES0000232,La Mola i s'Albufera de Fornells,ILLES BALEARS,C,1524.33311422,41042.1830544,15243331.1422
123,ES0000231,Dels Alocs a Fornells,ILLES BALEARS,C,2719.8537398,84747.9146663,27198537.398
124,ES0000229,Costa Nord de Ciutadella,ILLES BALEARS,C,681.753423269,36864.9596336,6817534.23269
125,ES0000226,L'Albufereta,ILLES BALEARS,C,445.712234886,16636.9593404,4457122.34886
126,ES0000225,Sa Costera,ILLES BALEARS,C,792.511012325,14600.9652072,7925110.12325
127,ES0000222,La Trapa,ILLES BALEARS,C,431.810790343,13556.3588435,4318107.90343
128,ES0000221,Sa Dragonera,ILLES BALEARS,C,1278.88589185,15166.460486,12788858.9185
129,ES0000145,Mondragó,ILLES BALEARS,C,753.639396225,21468.3390917,7536393.96225
130,ES0000084,Ses Salines d'Eivissa i Formentera,ILLES BALEARS,C,16487.1858758,75067.538789,164871858.758
131,ES0000083,Arxipèlag de Cabrera,ILLES BALEARS,C,20663.920726,123729.239289,206639207.26
132,ES0000080,Cap Vermell,ILLES BALEARS,C,76.8895900826,6328.76567961,768895.900826
133,ES0000079,La Victòria,ILLES BALEARS,C,1001.37056488,25071.5305661,10013705.6488
134,ES0000074,Cap de cala Figuera,ILLES BALEARS,C,794.79691572,26881.3542354,7947969.1572
135,ES0000037,Es Trenc - Salobrar de Campos,ILLES BALEARS,C,1451.08186714,21570.8174171,14510818.6714
136,ES5310114,Binigafull,ILLES BALEARS,B,2.76219176734,711.675014895,27621.9176734
137,ES5310118,Torre Llafuda,ILLES BALEARS,B,97.3208593638,5677.13908551,973208.593638
138,ES5310122,Mal Lloc,ILLES BALEARS,B,16.3310937126,1730.84220459,163310.937126
139,ES5310116,Biniatrum,ILLES BALEARS,B,1.1516115202,532.173463924,11516.115202
140,ES5310117,Ses Païsses,ILLES BALEARS,B,2.57633918345,681.164618275,25763.3918345
141,ES5310121,Binigurdó,ILLES BALEARS,B,15.0952927476,1666.17197777,150952.927476
142,ES5310126,Puig Malet i Santa Eularieta,ILLES BALEARS,B,35.921637739,4337.14456809,359216.37739
143,ES5310115,Es Molinet,ILLES BALEARS,B,9.18298121657,1487.84559548,91829.8121657
144,ES5310120,Es Clot des Guix,ILLES BALEARS,B,89.6261715002,4927.49335519,896261.715002
145,ES5310119,Penyes d'Egipte,ILLES BALEARS,B,44.7407762659,3337.32573467,447407.762659
146,ES0000236,Illa de l'Aire,ILLES BALEARS,C,30.7995923251,3828.73023981,307995.923251
147,ES5310097,Àrea marina Costa de Llevant,ILLES BALEARS,B,2013.30294215,23931.4337836,20133029.4215
148,ES5310101,Randa,ILLES BALEARS,B,1183.34151242,23953.7710823,11833415.1242
149,ES5310102,Xorrigo,ILLES BALEARS,B,884.627468428,19845.0983066,8846274.68428
150,ES5310008,Es Galatzó - s'Esclop,ILLES BALEARS,B,1430.98042359,46237.6743354,14309804.2359
151,ES5310026,Fita del Ram,ILLES BALEARS,B,288.971726755,10412.8905856,2889717.26755
152,ES5310079,Puig de na Bauçà,ILLES BALEARS,B,1621.53121165,34742.3265298,16215312.1165
153,ES5310080,Puigpunyent,ILLES BALEARS,B,569.618235512,16942.4335808,5696182.35512
154,ES5310009,Es Teix,ILLES BALEARS,C,960.453375326,22151.5727678,9604533.75326
155,ES5310010,Comuna de Bunyola,ILLES BALEARS,C,792.059868294,18270.316178,7920598.68294
156,ES5310027,Cimals de la Serra,ILLES BALEARS,C,7297.0724822,141231.012831,72970724.822
157,ES5310083,Es Boixos,ILLES BALEARS,B,660.396679805,14619.8616676,6603966.79805
158,ES5310089,Biniarroi,ILLES BALEARS,B,539.576958688,14622.1879855,5395769.58688
159,ES5310090,Puig d'Alaró - Puig de s'Alcadena,ILLES BALEARS,B,387.611827076,14140.5501355,3876118.27076
160,ES5310028,Es Binis,ILLES BALEARS,B,28.0693630112,5114.52878804,280693.630112
161,ES5310085,Moncaire,ILLES BALEARS,B,250.219831818,18403.8840595,2502198.31818
162,ES5310086,Monnàber,ILLES BALEARS,B,10.4098325682,2205.16994858,104098.325682
163,ES5310088,Gorg Blau,ILLES BALEARS,B,166.229879645,9743.82260142,1662298.79645
164,ES5310091,Mossa,ILLES BALEARS,B,432.974840423,12483.3613137,4329748.40423
165,ES5310092,Muntanyes de Pollença,ILLES BALEARS,B,2984.73358462,54380.9427125,29847335.8462
166,ES5310015,Puig de Sant Martí,ILLES BALEARS,B,227.37511506,6806.14466925,2273751.1506
167,ES5310123,Bassa de Formentera,ILLES BALEARS,B,5.70820194662,1187.32981355,57082.0194662
168,ES5310124,Bassa de Sant Francesc,ILLES BALEARS,B,0.452800024987,334.922871734,4528.00024987
169,ES0000078,Es Vedrà - Es Vedranell,ILLES BALEARS,C,637.433970575,10855.1494143,6374339.70575
170,ES5310034,Serra Grossa,ILLES BALEARS,B,1179.12710766,43993.5672108,11791271.0766
171,ES0000082,Tagomago,ILLES BALEARS,C,556.249570002,9555.88862598,5562495.70002
172,ES0000242,"Illots de Santa Eulària, Rodona i es Canar",ILLES BALEARS,C,70.4366489409,4941.79864762,704366.489409
173,ES5310099,Portocolom,ILLES BALEARS,B,76.4935856388,6738.78142104,764935.856388
174,ES5310128,Cap Enderrocat i cap Blanc,ILLES BALEARS,B,7123.46785093,87974.5124986,71234678.5093
175,ES0000235,De s'Albufera a la Mola,ILLES BALEARS,C,2054.14212447,54185.6902712,20541421.2447
176,ES5310037,Basses de la marina de Llucmajor,ILLES BALEARS,B,10.6590547862,7301.12520786,106590.547862
177,ES5310127,Costa Brava de Tramuntana,ILLES BALEARS,B,8380.43517683,150393.600111,83804351.7683
178,ES5310038,Cova des Bufador des Solleric,ILLES BALEARS,B,1.00625967265,355.807005824,10062.5967265
179,ES5310039,Cova de sa Bassa Blanca,ILLES BALEARS,B,1.0070757435,355.951255309,10070.757435
180,ES5310040,Cova de les Meravelles,ILLES BALEARS,B,1.00622687933,355.801208024,10062.2687933
181,ES5310041,Cova de Canet,ILLES BALEARS,B,1.00590196224,355.743758153,10059.0196224
182,ES5310042,Avenc d'en Corbera,ILLES BALEARS,B,1.00591010463,355.745197946,10059.1010463
183,ES5310043,Cova dels Ases,ILLES BALEARS,B,1.00736128074,356.001713349,10073.6128074
184,ES5310044,Cova des Coll,ILLES BALEARS,B,1.00734304944,355.998491865,10073.4304944
185,ES5310045,Cova d'en Passol,ILLES BALEARS,B,1.00731403241,355.993364469,10073.1403241
186,ES5310046,Cova de ses Rates Pinyades,ILLES BALEARS,B,1.00662834849,355.872180571,10066.2834849
187,ES5310047,Cova des Corral des Porcs,ILLES BALEARS,B,1.00640302525,355.832349202,10064.0302525
188,ES5310048,Cova de sa Guitarreta,ILLES BALEARS,B,1.00658474432,355.864472822,10065.8474432
189,ES5310049,Cova des Pas de Vallgornera,ILLES BALEARS,B,1.00649437771,355.848498516,10064.9437771
190,ES5310050,Cova d'en Bessó,ILLES BALEARS,B,1.00743900424,356.015446842,10074.3900424
191,ES5310051,Cova de can Bordils,ILLES BALEARS,B,1.00750974393,356.027945851,10075.0974393
192,ES5310052,Cova des Diners,ILLES BALEARS,B,1.00745540797,356.018345255,10074.5540797
193,ES5310053,Cova del Dimoni,ILLES BALEARS,B,0.999793577317,362.20326798,9997.93577317
194,ES5310054,Cova de sa Gleda,ILLES BALEARS,B,1.00735507461,356.000616731,10073.5507461
195,ES5310055,Cova des Pirata,ILLES BALEARS,B,1.00740345738,356.009165897,10074.0345738
196,ES5310056,Cova des Pont,ILLES BALEARS,B,1.00740015887,356.008583065,10074.0015887
197,ES5310057,Cova de cal Pesso,ILLES BALEARS,B,1.00683283318,355.908324358,10068.3283318
198,ES5310058,Cova de can Sion,ILLES BALEARS,B,1.00667444115,355.880328019,10066.7444115
199,ES5310059,Cova de Llenaire,ILLES BALEARS,B,1.0068080617,355.903946059,10068.080617
200,ES5310060,Cova Morella,ILLES BALEARS,B,1.00664772465,355.875605575,10066.4772465
201,ES5310061,Cova Nova de Son Lluís,ILLES BALEARS,B,1.00667620282,355.880639419,10066.7620282
202,ES5310062,Es Bufador de Son Berenguer,ILLES BALEARS,B,1.00620291915,355.796971848,10062.0291915
203,ES5310063,Cova de can Millo o de Coa Negrina,ILLES BALEARS,B,1.00616251978,355.789829095,10061.6251978
204,ES5310064,Avenc de Son Pou,ILLES BALEARS,B,1.00616962876,355.791086,10061.6962876
205,ES5310065,Cova des Drac de cala Santanyí,ILLES BALEARS,B,1.00710791867,355.956941432,10071.0791867
206,ES5310066,Cova des Rafal des Porcs,ILLES BALEARS,B,1.00696899923,355.932390412,10069.6899923
207,ES5310067,Cova dels Estudiants,ILLES BALEARS,B,1.00607151366,355.773738362,10060.7151366
208,ES0000228,Cap de ses Salines,ILLES BALEARS,C,3751.37597979,47527.1386554,37513759.7979
209,ES0000227,Muntanyes d'Artà,ILLES BALEARS,C,14813.4863208,105605.741085,148134863.208
210,ES5310005,Badies de Pollença i Alcúdia,ILLES BALEARS,B,30961.3421259,133806.064433,309613421.259
211,ES0000038,S'Albufera de Mallorca,ILLES BALEARS,A,2214.70128043,30296.9537526,22147012.8043
212,ES0000073,Costa Brava de Mallorca,ILLES BALEARS,A,8381.44207614,150038.169996,83814420.7614
213,ES0000081,Cap Enderrocat - Cap Blanc,ILLES BALEARS,A,11645.3675286,145507.978902,116453675.286
214,ES0000223,Sa Foradada,ILLES BALEARS,A,108.148546383,8251.30220207,1081485.46383
215,ES0000224,Muleta,ILLES BALEARS,A,161.991023894,7188.77959164,1619910.23894
216,ES0000230,Ampliació de La Vall,ILLES BALEARS,A,5334.20050574,50372.549396,53342005.0574
217,ES0000378,Puig des Boixos,ILLES BALEARS,A,235.825353545,6899.53475805,2358253.53545
218,ES0000379,Puig de Ses Fites,ILLES BALEARS,A,272.618182833,6903.97842088,2726181.82833
219,ES0000439,Pla de sa Mola,ILLES BALEARS,A,993.158157956,29080.3027104,9931581.57956
220,ES0000440,Des Teix al Puig de ses Fites,ILLES BALEARS,A,1459.49478194,43154.6026411,14594947.8194
221,ES0000377,Mola de Son Pacs,ILLES BALEARS,A,161.211785639,5119.04839368,1612117.85639
222,ES0000441,D'Alfabia a Biniarroi,ILLES BALEARS,A,5629.43272929,146248.618048,56294327.2929
223,ES0000382,Alaró,ILLES BALEARS,A,118.97157446,4893.41707712,1189715.7446
224,ES0000380,Puig de s'Estremera,ILLES BALEARS,A,139.443401492,4715.80574153,1394434.01492
225,ES0000381,Puig Gros,ILLES BALEARS,A,1012.76201126,19651.9301463,10127620.1126
226,ES0000442,De la serra de l'Esperó al Penyal Alt,ILLES BALEARS,A,1469.31769681,38588.5639045,14693176.9681
227,ES0000383,Puig des Castell,ILLES BALEARS,A,176.182903061,6511.84155713,1761829.03061
228,ES0000384,Barranc de Santa Anna,ILLES BALEARS,A,78.3923855391,4040.4198657,783923.855391
229,ES0000443,Sud de Ciutadella,ILLES BALEARS,A,1986.76504346,39365.8262644,19867650.4346
230,ES0000385,Barbatx,ILLES BALEARS,A,1369.68886809,24233.4373524,13696888.6809
231,ES0000386,Capell de Ferro,ILLES BALEARS,A,1651.54506407,29429.3243779,16515450.6407
232,ES0000548,Illeta de Cala Salada,ILLES BALEARS,A,0.696784104515,434.671469592,6967.84104515
233,ES0000547,Illa d'en Calders,ILLES BALEARS,A,2.78638674248,1126.62790626,27863.8674248
234,ES0000546,Sa Costera-Es Binis,ILLES BALEARS,A,993.72383891,27586.48735,9937238.3891
235,ES0000549,Punta Prima,ILLES BALEARS,A,42.1382574395,6335.52083569,421382.574395
236,ES0000541,Maristany,ILLES BALEARS,A,43.6465013597,4955.63716271,436465.013597
237,ES0000540,Costa nord-oest de Mallorca,ILLES BALEARS,A,563.654271196,31124.719685,5636542.71196
238,ES0000544,Son Real,ILLES BALEARS,A,915.182483036,15104.6217789,9151824.83036
239,ES0000545,Massís de Randa,ILLES BALEARS,A,2155.94483274,40334.2995745,21559448.3274
240,ES0000542,Pla de Vilafranca,ILLES BALEARS,A,1744.49575072,19311.6975368,17444957.5072
241,ES0000543,Pla des Blanquer,ILLES BALEARS,A,866.083339838,15582.067356,8660833.39838
242,ES5310029,Na Borges,ILLES BALEARS,B,4022.01648845,63435.4081288,40220164.8845
243,ES0000063,Sierra de Alcarama y Valle del Alhama,LA RIOJA,C,10216.7859313,56005.1891517,102167859.313
244,ES0000064,"Peñas de Iregua, Leza y Jubera",LA RIOJA,C,8624.32029998,112298.0424,86243202.9998
245,ES0000067,"Sierras de Demanda, Urbión, Cebollera y Cameros",LA RIOJA,C,150081.553786,424912.597696,1500815537.86
246,ES0000065,Peñas de Arnedillo. Peñalmonte y Peña Isasa,LA RIOJA,C,3436.63214562,49721.3854001,34366321.4562
247,ES0000062,Obarenes-Sierra de Cantabria,LA RIOJA,C,5170.65817764,80189.7407052,51706581.7764
248,ES2300006,Sotos y Riberas del Ebro,LA RIOJA,C,2385.07496135,270100.273394,23850749.6135
249,ES6300001,Islas Chafarinas,OAPN,C,506.940116668,9525.94889483,5069401.16668
250,ES0000023,L'Albufera,COMUNIDAD VALENCIANA,B,27537.7142013,121880.863084,275377142.013
251,ES0000058,el Fondo d'Elx-Crevillent,COMUNIDAD VALENCIANA,B,2374.62593906,26062.0486887,23746259.3906
252,ES0000059,Llacunes de la Mata i Torrevieja,COMUNIDAD VALENCIANA,B,3709.15620512,38152.6427771,37091562.0512
253,ES0000060,Prat de Cabanes i Torreblanca,COMUNIDAD VALENCIANA,B,1939.97591618,23336.6697107,19399759.1618
254,ES0000120,Salinas de Santa Pola,COMUNIDAD VALENCIANA,B,2504.12136164,30073.2054477,25041213.6164
255,ES0000147,Marjal de Pego-Oliva,COMUNIDAD VALENCIANA,B,1255.01370589,20693.2427343,12550137.0589
256,ES0000148,Marjal dels Moros,COMUNIDAD VALENCIANA,B,619.448989532,13387.3886712,6194489.89532
257,ES0000213,Serres de Mariola i el Carrascar de la Font Roja,COMUNIDAD VALENCIANA,B,19945.8720727,107436.568834,199458720.727
258,ES5211007,Montgó,COMUNIDAD VALENCIANA,B,3009.33395651,52449.197561,30093339.5651
259,ES5211009,Penyal d'Ifac,COMUNIDAD VALENCIANA,B,83.2217001586,22781.613831,832217.001586
260,ES5212004,Riu Gorgos,COMUNIDAD VALENCIANA,B,777.40039091,55559.5420032,7774003.9091
261,ES5212006,Laguna de Salinas,COMUNIDAD VALENCIANA,B,282.302680613,8340.8375735,2823026.80613
262,ES5212008,Maigmó i Serres de la Foia de Castalla,COMUNIDAD VALENCIANA,B,13822.9885726,139586.138191,138229885.726
263,ES5212009,Algepsars de Finestrat,COMUNIDAD VALENCIANA,B,102.648944177,6649.4691542,1026489.44177
264,ES5212011,Rambla de las Estacas,COMUNIDAD VALENCIANA,B,0.205431028756,246.088000458,2054.31028756
265,ES5212012,Sierra de Escalona y Dehesa de Campoamor,COMUNIDAD VALENCIANA,B,4781.90881452,65006.5691649,47819088.1452
266,ES5213019,"Aitana, Serrella i Puigcampana",COMUNIDAD VALENCIANA,B,17606.0602806,173198.656291,176060602.806
267,ES5213020,Serres del Ferrer i Bèrnia,COMUNIDAD VALENCIANA,B,3449.51356916,63505.2781043,34495135.6916
268,ES5213021,Serra Gelada i Litoral de la Marina Baixa,COMUNIDAD VALENCIANA,B,5552.93667885,61611.5265409,55529366.7885
269,ES5213022,Serra de Crevillent,COMUNIDAD VALENCIANA,B,5056.42677069,83545.2675355,50564267.7069
270,ES5213023,Sierra de Callosa de Segura,COMUNIDAD VALENCIANA,B,663.490228872,20307.6105378,6634902.28872
271,ES5213025,Dunes de Guardamar,COMUNIDAD VALENCIANA,B,726.226942006,26976.4734213,7262269.42006
272,ES5213026,Sierra de Orihuela,COMUNIDAD VALENCIANA,B,1671.60172252,39148.4924286,16716017.2252
273,ES5213032,Cap de les Hortes,COMUNIDAD VALENCIANA,B,1.00079022341,867.115687974,10007.9022341
274,ES5213033,Litoral de Cabo Roig,COMUNIDAD VALENCIANA,B,7.15314774346,2547.59935226,71531.4774346
275,ES5213039,Sierra de Salinas,COMUNIDAD VALENCIANA,B,7718.83335838,97313.8663869,77188333.5838
276,ES5213042,Valls de la Marina,COMUNIDAD VALENCIANA,B,16061.5810653,127208.826434,160615810.653
277,ES5213054,Els Alforins,COMUNIDAD VALENCIANA,B,10115.6871582,58626.7100151,101156871.582
278,ES5214001,Cueva del Perro-Cox,COMUNIDAD VALENCIANA,B,1.0000001349,354.675004687,10000.001349
279,ES5214002,Tunel de Canals,COMUNIDAD VALENCIANA,B,1.00000032715,354.675016308,10000.0032715
280,ES5214003,Cova dels Mosseguellos-Vallada,COMUNIDAD VALENCIANA,B,1.00000051166,354.674965241,10000.0051166
281,ES5214004,Cova Juliana,COMUNIDAD VALENCIANA,B,1.00000027781,354.675065955,10000.0027781
282,ES5221002,Desert de les Palmes,COMUNIDAD VALENCIANA,B,3070.82838452,40161.0527931,30708283.8452
283,ES5222001,Serra d'Espadà,COMUNIDAD VALENCIANA,B,31023.113179,102955.192355,310231131.79
284,ES5222002,Marjal de Peníscola,COMUNIDAD VALENCIANA,B,105.587142782,6418.84870702,1055871.42782
285,ES5222004,Curs alt del riu Millars,COMUNIDAD VALENCIANA,B,10067.2768706,142508.705571,100672768.706
286,ES5222005,Marjal de Nules,COMUNIDAD VALENCIANA,B,644.348865282,19381.7135587,6443488.65282
287,ES5222006,Platja de Moncofa,COMUNIDAD VALENCIANA,B,1.00653884987,500.844264582,10065.3884987
288,ES5223002,L'Alt Maestrat,COMUNIDAD VALENCIANA,B,43618.4571825,184889.153457,436184571.825
289,ES5223004,Penyagolosa,COMUNIDAD VALENCIANA,B,31906.3848344,140115.431506,319063848.344
290,ES5223005,Alt Palància,COMUNIDAD VALENCIANA,B,26282.4078366,95212.245884,262824078.366
291,ES5223007,Marjal d'Almenara,COMUNIDAD VALENCIANA,B,1496.93078477,31973.4676415,14969307.8477
292,ES5223029,Riu Bergantes,COMUNIDAD VALENCIANA,B,4402.61227512,78485.2560105,44026122.7512
293,ES5223036,Serra d'Irta,COMUNIDAD VALENCIANA,B,9797.66155045,77872.9257838,97976615.5045
294,ES5223037,Litoral de Benicàssim,COMUNIDAD VALENCIANA,B,8.21727165412,2460.75247032,82172.7165412
295,ES5223053,Forat d'en Ferràs-Orpesa,COMUNIDAD VALENCIANA,B,1.00003868105,354.681799996,10000.3868105
296,ES5223055,Serra d'en Galceràn,COMUNIDAD VALENCIANA,B,11319.962506,131425.078872,113199625.06
297,ES5224001,Cova Obscura-Atzeneta del Maestrat,COMUNIDAD VALENCIANA,B,0.999999895608,354.675562607,9999.99895608
298,ES5232002,Serra Calderona,COMUNIDAD VALENCIANA,B,17781.2975437,188553.056143,177812975.437
299,ES5232003,Curs mitjà del riu Palància,COMUNIDAD VALENCIANA,B,3664.08590238,145544.078395,36640859.0238
300,ES5232004,Rius del Racó d'Ademús,COMUNIDAD VALENCIANA,B,1408.96651746,87923.5964067,14089665.1746
301,ES5232005,Lavajos de Sinarcas,COMUNIDAD VALENCIANA,B,24.787755428,2855.00861219,247877.55428
302,ES5232006,Alto Túria,COMUNIDAD VALENCIANA,B,14444.0514744,290238.738761,144440514.744
303,ES5232007,Riu Xúquer,COMUNIDAD VALENCIANA,B,370.515454359,216038.030783,3705154.54359
304,ES5232008,Curs mitjà del riu Albaida,COMUNIDAD VALENCIANA,B,863.934720514,44505.3857,8639347.20514
305,ES5232009,Serra del Castell de Xàtiva,COMUNIDAD VALENCIANA,B,3.28935612328,1047.18047957,32893.5612328
306,ES5232010,Cap de Cullera,COMUNIDAD VALENCIANA,B,0.210960456551,230.350139139,2109.60456551
307,ES5233001,"Tinença de Benifassà, Turmell i Vallivana",COMUNIDAD VALENCIANA,B,49686.9276126,149952.566293,496869276.126
308,ES5233006,Puebla de San Miguel,COMUNIDAD VALENCIANA,B,8796.76323673,53102.2528643,87967632.3673
309,ES5233008,Sabinar de Alpuente,COMUNIDAD VALENCIANA,B,9200.82605102,66956.523619,92008260.5102
310,ES5233009,Sierra del Negrete,COMUNIDAD VALENCIANA,B,21934.1389038,155802.750796,219341389.038
311,ES5233010,Hoces del Cabriel,COMUNIDAD VALENCIANA,B,13273.9522898,189598.439466,132739522.898
312,ES5233011,Sierras de Martés y el Ave,COMUNIDAD VALENCIANA,B,35242.0131392,188213.541225,352420131.392
313,ES5233012,Valle de Ayora y Sierra del Boquerón,COMUNIDAD VALENCIANA,B,16766.5866578,120418.052739,167665866.578
314,ES5233013,Serra de Corbera,COMUNIDAD VALENCIANA,B,4819.7870477,113124.263407,48197870.477
315,ES5233015,Serres del Montdúver i Marxuquera,COMUNIDAD VALENCIANA,B,7582.30379954,133233.49609,75823037.9954
316,ES5233030,Marjal de la Safor,COMUNIDAD VALENCIANA,B,1244.91569509,25997.7765891,12449156.9509
317,ES5233034,Sierra del Mugrón,COMUNIDAD VALENCIANA,B,1762.86009628,22616.6265724,17628600.9628
318,ES5233035,Arroyo Cerezo,COMUNIDAD VALENCIANA,B,5387.17059819,49791.9495594,53871705.9819
319,ES5233038,Dunes de la Safor,COMUNIDAD VALENCIANA,B,66.0800341364,33235.372026,660800.341364
320,ES5233040,Muela de Cortes y el Caroche,COMUNIDAD VALENCIANA,B,61519.1315107,216485.70603,615191315.107
321,ES5233041,Serra de la Safor,COMUNIDAD VALENCIANA,B,3514.62248084,37324.1899078,35146224.8084
322,ES5233045,Serra d'Enguera,COMUNIDAD VALENCIANA,B,17305.535318,91011.3159781,173055353.18
323,ES5233047,Ullals del riu Verd,COMUNIDAD VALENCIANA,B,27.9734413618,9562.09944025,279734.413618
324,ES5233048,Sima de les Graelles-Tous,COMUNIDAD VALENCIANA,B,1.00000018962,354.674994796,10000.0018962
325,ES5233049,Cova de les Rates Penades (Ròtova),COMUNIDAD VALENCIANA,B,1.00000050383,354.675045643,10000.0050383
326,ES5233050,Cova de la Moneda-Cotes,COMUNIDAD VALENCIANA,B,1.00000006772,354.675054616,10000.0006772
327,ES5233051,Cova de les Meravelles de Llombai,COMUNIDAD VALENCIANA,B,0.999999954685,354.674965228,9999.99954685
328,ES5234001,Cova del Sardiner-Sagunt,COMUNIDAD VALENCIANA,B,1.00000595346,354.675989392,10000.0595346
329,ES5234002,Cueva Negra-Ayora,COMUNIDAD VALENCIANA,B,1.00000001364,354.674989254,10000.0001364
330,ES5234003,Tunel del Carcalín-Buñol,COMUNIDAD VALENCIANA,B,1.00000007829,354.674951802,10000.0007829
331,ES5234004,Cueva del Barranco Hondo-Cheste,COMUNIDAD VALENCIANA,B,1.00000027921,354.675040306,10000.0027921
332,ES5234005,Sima de l'Àguila-Picassent,COMUNIDAD VALENCIANA,B,1.00000082341,354.67505625,10000.0082341
333,ES5234006,Cova de les Meravelles d'Alzira,COMUNIDAD VALENCIANA,B,0.999999249231,354.674890436,9999.99249231
334,ES5234007,Cova Xurra-Gandia,COMUNIDAD VALENCIANA,B,0.999999686174,354.674954608,9999.99686174
335,ES5212010,Arenal de Petrer,COMUNIDAD VALENCIANA,B,4.58286727067,902.69098991,45828.6727067
336,ES5212007,Salero y Cabecicos de Villena,COMUNIDAD VALENCIANA,B,734.854157367,19542.3796565,7348541.57367
337,ES0000061,Àrees emergides de les Illes Columbretes,COMUNIDAD VALENCIANA,C,19.4075929,6867.42263701,194075.929
338,ES0000211,Desembocadura del riu Millars,COMUNIDAD VALENCIANA,C,345.840325977,17087.3483785,3458403.25977
339,ES0000462,Clot de Galvany,COMUNIDAD VALENCIANA,C,271.867617139,17538.3151624,2718676.17139
340,ES5213024,Illa de Tabarca,COMUNIDAD VALENCIANA,C,43.4839793097,6228.40122508,434839.793097
341,ES5233044,Sierra de Malacara,COMUNIDAD VALENCIANA,C,15065.8343782,89521.1642885,150658343.782
342,ES0000484,el Fondo d'Elx-Crevillent (ZEPA),COMUNIDAD VALENCIANA,A,3938.06679881,41701.2375618,39380667.9881
343,ES0000485,Lagunas de la Mata y Torrevieja (ZEPA),COMUNIDAD VALENCIANA,A,3731.54541946,37227.5287444,37315454.1946
344,ES0000486,Salines de Santa Pola (ZEPA),COMUNIDAD VALENCIANA,A,2512.01593477,30506.0046482,25120159.3477
345,ES0000121,Illots de Benidorm i Serra Gelada,COMUNIDAD VALENCIANA,A,6192.47506512,62385.4933051,61924750.6512
346,ES0000487,Marjal de Pego-Oliva (ZEPA),COMUNIDAD VALENCIANA,A,1252.0675693,20687.0702629,12520675.693
347,ES0000444,Serra d'Irta (ZEPA),COMUNIDAD VALENCIANA,A,9797.73307359,78596.2414305,97977330.7359
348,ES0000445,Planiols-Benasques,COMUNIDAD VALENCIANA,A,2004.77586411,37301.3175486,20047758.6411
349,ES0000446,Desert de les Palmes (ZEPA),COMUNIDAD VALENCIANA,A,3075.59543037,41022.1083071,30755954.3037
350,ES0000448,Hontanar-La Ferriza,COMUNIDAD VALENCIANA,A,3145.25139367,46097.8892968,31452513.9367
351,ES0000449,Alto Turia y Sierra del Negrete,COMUNIDAD VALENCIANA,A,100314.048249,263940.212529,1003140482.49
352,ES0000450,Marjal i Estanys d'Almenara,COMUNIDAD VALENCIANA,A,1486.9371614,30847.9612951,14869371.614
353,ES0000451,Montdúver-Marjal de la Safor,COMUNIDAD VALENCIANA,A,9218.28782396,163140.932828,92182878.2396
354,ES0000452,Meca-Mugrón-San Benito,COMUNIDAD VALENCIANA,A,7037.48852897,51974.8918251,70374885.2897
355,ES0000454,Montgó-Cap de Sant Antoni,COMUNIDAD VALENCIANA,A,3009.49811306,52759.156526,30094981.1306
356,ES0000455,Els Alforins (ZEPA),COMUNIDAD VALENCIANA,A,6520.80071869,53051.1063411,65208007.1869
357,ES0000456,Moratillas-Almela,COMUNIDAD VALENCIANA,A,3302.86460719,32112.9720104,33028646.0719
358,ES0000457,Sierra de Salinas (ZEPA),COMUNIDAD VALENCIANA,A,7734.76557278,97397.3417574,77347655.7278
359,ES0000458,Maigmó i Serres de la Foia de Castalla (ZEPA),COMUNIDAD VALENCIANA,A,19564.1291238,161896.60623,195641291.238
360,ES0000460,Riu Montnegre,COMUNIDAD VALENCIANA,A,3844.51768345,44336.9782,38445176.8345
361,ES0000461,Serres del Sud d'Alacant,COMUNIDAD VALENCIANA,A,8635.9546662,129976.440182,86359546.662
362,ES0000463,Cabeço d'Or i la Grana,COMUNIDAD VALENCIANA,A,5027.25438678,57812.4768228,50272543.8678
363,ES0000464,Sierra Escalona y Dehesa de Campoamor,COMUNIDAD VALENCIANA,A,10407.3573419,63062.4227762,104073573.419
364,ES0000465,"L'Alt Maestrat, Tinença de Benifassà, Turmell i Vallivana",COMUNIDAD VALENCIANA,A,96482.9319834,273998.671021,964829319.834
365,ES0000466,Penyagolosa (ZEPA),COMUNIDAD VALENCIANA,A,53226.3662373,192822.282661,532263662.373
366,ES0000467,Prat de Cabanes i Torreblanca (ZEPA),COMUNIDAD VALENCIANA,A,1943.07744258,23273.1565257,19430774.4258
367,ES0000468,Serra d'Espadà (ZEPA),COMUNIDAD VALENCIANA,A,65332.4518875,218545.352356,653324518.875
368,ES0000469,Serra Calderona (ZEPA),COMUNIDAD VALENCIANA,A,18776.9986574,193667.155298,187769986.574
369,ES0000470,Marjal dels Moros (ZEPA),COMUNIDAD VALENCIANA,A,626.711827846,13308.1022889,6267118.27846
370,ES0000471,l'Albufera (ZEPA),COMUNIDAD VALENCIANA,A,29285.0253136,97873.2932307,292850253.136
371,ES0000472,Hoces del Cabriel (ZEPA),COMUNIDAD VALENCIANA,A,31849.2404464,185323.512815,318492404.464
372,ES0000474,Serres de Mariola i el Carrascal de la Font Roja (ZEPA),COMUNIDAD VALENCIANA,A,22952.295374,94810.6930338,229522953.74
373,ES0000459,Penyal d'Ifac (ZEPA),COMUNIDAD VALENCIANA,A,49.8441245449,3925.54398047,498441.245449
374,ES0000212,Sierra de Martés-Muela de Cortes,COMUNIDAD VALENCIANA,A,153191.471626,350068.102643,1531914716.26
375,ES5213018,Penya-segats de la Marina,COMUNIDAD VALENCIANA,C,952.597562498,54670.6855671,9525975.62498
376,ES0000453,Muntanyes de la Marina,COMUNIDAD VALENCIANA,A,38785.8707716,405079.413214,387858707.716
377,ES6310001,Calamocarro-Benzú,CEUTA,C,601.825213997,12260.5611984,6018252.13997
378,ES6310002,Zona marítimo-terrestre del Monte Hacho,CEUTA,B,864.905365141,22352.031829,8649053.65141
379,ES0000197,Acantilados del Monte Hacho,CEUTA,A,28.49670619,12176.838135,284967.0619
380,ES6200044,Sierra de los Victorias,REGION DE MURCIA,B,208.805774787,19272.3836606,2088057.74787
381,ES6200040,Cabezos del Pericón,REGION DE MURCIA,B,493.949840035,40645.5513906,4939498.40035
382,ES6200037,Sierra del Serral,REGION DE MURCIA,B,1039.67485386,46665.1775428,10396748.5386
383,ES6200036,Sierra del Buey,REGION DE MURCIA,B,3811.00517394,110192.135732,38110051.7394
384,ES6200025,Sierra de la Fausilla,REGION DE MURCIA,B,869.390686916,27687.2474876,8693906.86916
385,ES6200014,Saladares del Guadalentín,REGION DE MURCIA,B,2047.66680003,105540.39665,20476668.0003
386,ES6200012,Calnegre,REGION DE MURCIA,B,780.926066353,22030.6364252,7809260.66353
387,ES6200011,Sierra de las Moreras,REGION DE MURCIA,B,2504.2141398,73977.7614868,25042141.398
388,ES6200008,Sierra de Salinas,REGION DE MURCIA,B,1337.78349301,17279.4809961,13377834.9301
389,ES6200035,Sierra de Almenara,REGION DE MURCIA,B,19414.8818681,227218.933994,194148818.681
390,ES6200002,Carrascoy y El Valle,REGION DE MURCIA,B,11833.2473396,134986.679644,118332473.396
391,ES6200009,Sierra de El Carche,REGION DE MURCIA,B,5869.13619719,67566.4410203,58691361.9719
392,ES6200041,Rambla de la Rogativa,REGION DE MURCIA,B,294.494984327,33214.9984766,2944949.84327
393,ES6200038,Cuerda de la Serrata,REGION DE MURCIA,B,1128.72115034,29107.9129499,11287211.5034
394,ES6200021,Sierra de Lavia,REGION DE MURCIA,B,2187.57587239,65212.364654,21875758.7239
395,ES6200020,Casa Alta-Salinas,REGION DE MURCIA,B,3769.23611814,68162.704263,37692361.1814
396,ES6200018,Sierra de la Muela,REGION DE MURCIA,B,10903.8870024,105825.228619,109038870.024
397,ES6200017,Sierra de Villafuerte,REGION DE MURCIA,B,6622.13716136,120092.27266,66221371.6136
398,ES6200016,Revolcadores,REGION DE MURCIA,B,3481.25681648,53437.1063256,34812568.1648
399,ES6200019,Sierra del Gavilán,REGION DE MURCIA,B,4085.53450833,63312.4632745,40855345.0833
400,ES6200045,Ríos Mula y Pliego,REGION DE MURCIA,B,829.732360543,272839.72425,8297323.60543
401,ES0000175,Salinas y Arenales de San Pedro del Pinatar,REGION DE MURCIA,C,828.923035917,18843.4039265,8289230.35917
402,ES6200007,Islas e Islotes del Litoral Mediterráneo,REGION DE MURCIA,B,39.4945833368,9535.82534606,394945.833368
403,ES6200013,Cabezo Gordo,REGION DE MURCIA,B,229.455721043,10125.4301602,2294557.21043
404,ES6200030,Mar Menor,REGION DE MURCIA,B,13582.7014357,74787.9548785,135827014.357
405,ES6200006,Espacios Abiertos e Islas del Mar Menor,REGION DE MURCIA,B,1247.71685265,53773.147993,12477168.5265
406,ES0000196,Estepas de Yecla,REGION DE MURCIA,A,4244.32100287,50944.9263483,42443210.0287
407,ES0000199,Sierra de la Fausilla,REGION DE MURCIA,A,899.250443013,27236.4359433,8992504.43013
408,ES0000263,Llano de las Cabras,REGION DE MURCIA,A,965.245188101,17159.7058792,9652451.88101
409,ES0000269,Monte El Valle y Sierras de Altaona y Escalona,REGION DE MURCIA,A,14814.248769,105540.773514,148142487.69
410,ES0000537,Lagunas de Campotéjar,REGION DE MURCIA,A,61.1402384278,5751.43906655,611402.384278
411,ES0000536,Lagunas de las Moreras,REGION DE MURCIA,A,72.4864946595,9646.38609993,724864.946595
412,ES0000265,"Sierra del Molino, Embalse del Quípar y Llanos del Cagitán",REGION DE MURCIA,A,28349.2641363,148989.859812,283492641.363
413,ES0000266,Sierra de Moratalla,REGION DE MURCIA,A,21521.7075704,94930.4027872,215217075.704
414,ES0000267,"Sierras de Burete, Lavia y Cambrón",REGION DE MURCIA,A,21774.1509677,170955.683514,217741509.677
415,ES0000259,Sierra de Mojantes,REGION DE MURCIA,A,1486.49355264,31657.9907767,14864935.5264
416,ES0000268,Saladares del Guadalentín,REGION DE MURCIA,A,3008.63274634,96775.093393,30086327.4634
417,ES0000200,Isla Grosa,REGION DE MURCIA,A,16.8372680737,2512.10552664,168372.680737
418,ES0000256,Islas Hormigas,REGION DE MURCIA,A,153.908537153,4398.01896974,1539085.37153
419,ES0000270,Isla Cueva de Lobos,REGION DE MURCIA,A,28.2616874739,1884.74478728,282616.874739
420,ES0000271,Isla de las Palomas,REGION DE MURCIA,A,28.261859272,1884.74788122,282618.59272
421,ES6200026,Sierra de Ricote-La Navela,REGION DE MURCIA,B,7743.07502974,226043.710641,77430750.2974
422,ES0000257,Sierras de Ricote y la Navela,REGION DE MURCIA,A,7643.56980339,185056.926843,76435698.0339
423,ES6200001,"Calblanque, Monte de las Cenizas y Peña del Águila",REGION DE MURCIA,B,2849.73096758,54285.460984,28497309.6758
424,ES0000173,Sierra Espuña,REGION DE MURCIA,C,17692.9572221,160975.376556,176929572.221
425,ES6200015,La Muela y Cabo Tiñoso,REGION DE MURCIA,B,7886.07857322,88986.8097758,78860785.7322
426,ES0000264,La Muela-Cabo Tiñoso,REGION DE MURCIA,A,10938.4049221,84162.8072996,109384049.221
427,ES6200024,Cabezo de Roldán,REGION DE MURCIA,B,1269.267326,19291.3325563,12692673.26
428,ES6200029,Franja Litoral Sumergida de la Región de Murcia,REGION DE MURCIA,B,13684.0631291,218871.108654,136840631.291
429,ES6200031,Cabo Cope,REGION DE MURCIA,B,240.12996046,7746.61741295,2401299.6046
430,ES6200010,Cuatro Calas,REGION DE MURCIA,B,171.856032829,10113.4659035,1718560.32829
431,ES0000261,Almenara-Moreras-Cabo Cope,REGION DE MURCIA,A,22201.2120745,260091.421672,222012120.745
432,ES6200032,Minas de la Celia,REGION DE MURCIA,B,2.12044700428,591.425731461,21204.4700428
433,ES6200033,Cueva de las Yeseras,REGION DE MURCIA,B,1.20306627843,480.465441254,12030.6627843
434,ES6200043,Río Quípar,REGION DE MURCIA,B,663.305960592,160978.847965,6633059.60592
435,ES6200004,Sierras y Vega Alta del Segura y Ríos Alhárabe y Moratalla,REGION DE MURCIA,B,11026.8441546,260263.078322,110268441.546
436,ES0000262,"Sierras del Gigante-Pericay, Lomas del Buitre-Río Luchena y Sierra de la Torrecilla",REGION DE MURCIA,A,25677.460823,180602.67676,256774608.23
437,ES6200022,Sierra del Gigante,REGION DE MURCIA,B,3747.95646273,50719.6987025,37479564.6273
438,ES6200023,Sierra de la Tercia,REGION DE MURCIA,B,5038.21667253,62526.3822376,50382166.7253
439,ES6200039,Cabezo de la Jara y Rambla de Nogalte,REGION DE MURCIA,B,1376.78390162,55834.8136167,13767839.0162
440,ES6200046,Sierra de Enmedio,REGION DE MURCIA,B,2285.48149244,46363.9945981,22854814.9244
441,ES6200047,Sierra de la Torrecilla,REGION DE MURCIA,B,3555.67885436,44729.146374,35556788.5436
442,ES0000260,Mar Menor,REGION DE MURCIA,A,14550.3933734,78208.9804029,145503933.734
443,ES0000174,Sierra de la Pila,REGION DE MURCIA,A,8097.63872505,86329.7847702,80976387.2505
444,ES0000195,Humedal del Ajauque y Rambla Salada,REGION DE MURCIA,A,1621.9368868,61438.1602512,16219368.868
445,ES6200003,Sierra de la Pila,REGION DE MURCIA,B,8851.02756545,74027.3796173,88510275.6545
446,ES6200005,Humedal del Ajauque y Rambla Salada,REGION DE MURCIA,B,895.608507731,77748.2915375,8956085.07731
447,ES6200027,Sierra de Abanilla,REGION DE MURCIA,B,989.343049458,29715.6502535,9893430.49458
448,ES6200028,Río Chícamo,REGION DE MURCIA,B,551.709980901,128045.415339,5517099.80901
449,ES6200042,Yesos de Ulea,REGION DE MURCIA,B,802.582001447,44164.8892645,8025820.01447
450,ES6200034,Lomas del Buitre y Río Luchena,REGION DE MURCIA,B,4130.75620723,80299.8251126,41307562.0723
451,ES4250015,La Jara,CASTILLA - LA MANCHA,C,3292.95609903,58378.9806285,32929560.9903
452,ES4250014,Sotos del río Alberche,CASTILLA - LA MANCHA,B,1172.12819141,75643.9411263,11721281.9141
453,ES4250013,Rios de la margen izquierda del Tajo y berrocales del Tajo,CASTILLA - LA MANCHA,C,13714.6194185,416109.424068,137146194.185
454,ES0000169,"Río Tajo en Castrejón, islas de Malpica de Tajo y Azután",CASTILLA - LA MANCHA,C,2113.16849578,110477.989919,21131684.9578
455,ES4250006,Rincón del Torozo,CASTILLA - LA MANCHA,B,326.41901229,7485.94104732,3264190.1229
456,ES4250012,Mina de la nava de Ricomalillo,CASTILLA - LA MANCHA,B,3.0831051166,623.446732315,30831.051166
457,ES4250008,Estepas salinas de Toledo,CASTILLA - LA MANCHA,B,807.670563258,42885.9480019,8076705.63258
458,ES4250011,Complejo lagunar de La Jara,CASTILLA - LA MANCHA,B,793.477307928,23534.8268113,7934773.07928
459,ES4250003,Barrancas de Talavera,CASTILLA - LA MANCHA,B,1200.80321866,46288.9068256,12008032.1866
460,ES0000090,Sierra Morena,CASTILLA - LA MANCHA,C,134780.126256,742307.347666,1347801262.56
461,ES4250005,Montes de Toledo,CASTILLA - LA MANCHA,C,218286.923393,1132937.82834,2182869233.93
462,ES4250010,Humedales de La Mancha,CASTILLA - LA MANCHA,C,15072.0730581,389025.500192,150720730.581
463,ES4240015,Valle del Tajuña en Torrecuadrada,CASTILLA - LA MANCHA,C,2859.74808784,29147.0288971,28597480.8784
464,ES4240009,Valle del río Cañamares,CASTILLA - LA MANCHA,B,1873.19845588,41347.2557251,18731984.5588
465,ES4240007,Sierra de Pela,CASTILLA - LA MANCHA,B,11949.1985585,84101.7927261,119491985.585
466,ES4240024,Sierra de Caldereros,CASTILLA - LA MANCHA,B,2388.44298785,33413.5614178,23884429.8785
467,ES4240022,Sabinares rastreros de Alustante - Tordesilos,CASTILLA - LA MANCHA,B,6064.93091456,48233.356693,60649309.1456
468,ES4240003,Riberas del Henares,CASTILLA - LA MANCHA,B,1308.89937011,189351.370805,13088993.7011
469,ES4240021,Riberas de Valfermoso de Tajuña y Brihuega,CASTILLA - LA MANCHA,B,99.3629395964,28386.8327348,993629.395964
470,ES4240012,Rebollar de Navalpotro,CASTILLA - LA MANCHA,B,1078.31518398,34172.7776172,10783151.8398
471,ES4240004,"Rañas de Matarrubia, Villaseca y Casa de Uceda",CASTILLA - LA MANCHA,B,1280.63981849,53278.671829,12806398.1849
472,ES4240014,Quejigares de Barriopedro y Brihuega,CASTILLA - LA MANCHA,B,4382.07263665,57843.7377606,43820726.3665
473,ES4240020,Montes de Picaza,CASTILLA - LA MANCHA,B,15048.3267327,90944.078775,150483267.327
474,ES4240023,Lagunas y parameras del Señorío de Molina,CASTILLA - LA MANCHA,C,6227.92746112,103245.229317,62279274.6112
475,ES4240005,Lagunas de Puebla de Beleña,CASTILLA - LA MANCHA,C,213.453226418,6735.23921227,2134532.26418
476,ES4240019,Laderas yesosas de Tendilla,CASTILLA - LA MANCHA,B,260.516650465,15712.7296594,2605166.50465
477,ES4240013,Cueva de La Canaleja,CASTILLA - LA MANCHA,B,163.340043207,5154.98637581,1633400.43207
478,ES4240008,Cerros volcánicos de Cañamares,CASTILLA - LA MANCHA,B,704.674124175,25012.3897747,7046741.24175
479,ES0000166,Barranco del Dulce,CASTILLA - LA MANCHA,C,8365.32259179,86933.3614663,83653225.9179
480,ES4230015,Sierra del Santerón,CASTILLA - LA MANCHA,B,2605.73540513,26927.4394664,26057354.0513
481,ES4230002,Sierras de Talayuelas y Aliaguilla,CASTILLA - LA MANCHA,B,7721.39734398,67405.5023894,77213973.4398
482,ES4230014,Serranía de Cuenca,CASTILLA - LA MANCHA,C,191382.000189,775434.602631,1913820001.89
483,ES4230005,Sabinares de Campillos - Sierra y Valdemorillo de la Sierra,CASTILLA - LA MANCHA,B,13749.7831303,96548.6298413,137497831.303
484,ES4230016,Río Júcar sobre Alarcón,CASTILLA - LA MANCHA,B,694.642079205,73634.1686759,6946420.79205
485,ES4230001,Rentos de Orchova y Páramos de Moya,CASTILLA - LA MANCHA,C,6413.81691209,111118.614743,64138169.1209
486,ES0000160,Hoz del río Gritos y páramos de Las Valeras,CASTILLA - LA MANCHA,C,1781.21418474,24450.1458469,17812141.8474
487,ES4230013,"Hoces del Cabriel, Guadazaón y ojos de Moya",CASTILLA - LA MANCHA,C,64675.0509956,704394.669425,646750509.956
488,ES4230006,Hoces de Alarcón,CASTILLA - LA MANCHA,B,2767.36601008,37810.5155228,27673660.1008
489,ES4230012,Estepas yesosas de La Alcarria conquense,CASTILLA - LA MANCHA,B,11452.0027085,161336.730567,114520027.085
490,ES4230010,Cueva de Los Morciguillos,CASTILLA - LA MANCHA,B,45.9649811434,3303.09286691,459649.811434
491,ES4230009,Cueva de La Judía,CASTILLA - LA MANCHA,B,194.155758749,6326.72307597,1941557.58749
492,ES4230008,Complejo lagunar de Ballesteros y valle del río Moscas,CASTILLA - LA MANCHA,B,351.53672717,18103.3681446,3515367.2717
493,ES4220018,Túneles del Ojailén,CASTILLA - LA MANCHA,B,259.905643145,13919.344625,2599056.43145
494,ES0000013,Tablas de Daimiel,CASTILLA - LA MANCHA,C,3100.44984219,55615.0703699,31004498.4219
495,ES4220015,Sierras de Almadén - Chillón y Guadalmez,CASTILLA - LA MANCHA,C,7474.82822408,104795.51851,74748282.2408
496,ES4220002,Sierra de Picón,CASTILLA - LA MANCHA,B,7875.85171171,113262.232827,78758517.1171
497,ES4220013,Sierra de Los Canalizos,CASTILLA - LA MANCHA,C,26018.7497106,160686.610537,260187497.106
498,ES4220001,Navas de Malagón,CASTILLA - LA MANCHA,C,465.545496387,18279.37762,4655454.96387
499,ES4220005,Lagunas volcánicas del Campo de Calatrava,CASTILLA - LA MANCHA,B,1901.39195179,61192.961747,19013919.5179
500,ES4220020,Lagunas de Alcoba y Horcajo de Los Montes,CASTILLA - LA MANCHA,B,20.1079472764,2681.55866937,201079.472764
501,ES4220019,Bonales de la comarca de Los Montes del Guadiana,CASTILLA - LA MANCHA,B,283.595955408,37477.1678338,2835959.55408
502,ES4220017,Alcornocal de Zumajo,CASTILLA - LA MANCHA,B,3126.10737912,53333.2578228,31261073.7912
503,ES4210016,Sierra del Relumbrar y estribaciones de Alcaraz,CASTILLA - LA MANCHA,B,30772.91967,258896.583449,307729196.7
504,ES4210010,Sierra de Abenuj,CASTILLA - LA MANCHA,B,1038.4843243,28036.6065541,10384843.243
505,ES4210011,Saladares de Cordovilla y Agramón y laguna de Alboraj,CASTILLA - LA MANCHA,B,1463.95351255,52707.5737274,14639535.1255
506,ES4210004,Lagunas saladas de Pétrola y Salobrejo y complejo lagunar de Corral Rubio,CASTILLA - LA MANCHA,B,2445.25318554,42264.5159734,24452531.8554
507,ES4210006,Laguna del Arquillo,CASTILLA - LA MANCHA,B,517.108406977,13777.5066669,5171084.06977
508,ES4210005,Laguna de Los Ojos de Villaverde,CASTILLA - LA MANCHA,B,343.707936443,9357.53208553,3437079.36443
509,ES4210002,"La Encantada, El Moral y Los Torreones",CASTILLA - LA MANCHA,B,863.88380818,25240.2222664,8638838.0818
510,ES4210001,Hoces del río Júcar,CASTILLA - LA MANCHA,C,17939.4153315,142150.486802,179394153.315
511,ES4220003,Ríos de la cuenca media del Guadiana y laderas vertientes,CASTILLA - LA MANCHA,C,23877.1792089,974206.433306,238771792.089
512,ES4210008,Sierra de Alcaraz y Segura y cañones del Segura y del Mundo,CASTILLA - LA MANCHA,C,176617.115245,1142278.81257,1766171152.45
513,ES4220007,"Ríos Quejigal, Valdeazogues y Alcudia",CASTILLA - LA MANCHA,B,1344.21550456,239444.419143,13442155.0456
514,ES4240017,"Parameras de Maranchón, hoz del Mesa y Aragoncillo",CASTILLA - LA MANCHA,C,46871.7643232,217609.066898,468717643.232
515,ES0000164,Sierra de Ayllón,CASTILLA - LA MANCHA,C,95224.2716907,407984.958751,952242716.907
516,ES0000165,Valle y salinas del Salado,CASTILLA - LA MANCHA,C,12156.3583737,190587.942234,121563583.737
517,ES0000168,"Llanuras de Oropesa, Lagartera y Calera y Chozas",CASTILLA - LA MANCHA,C,15046.0743536,105533.647971,150460743.536
518,ES4240018,Sierra de Altomira,CASTILLA - LA MANCHA,C,29910.79697,286727.850148,299107969.7
519,ES4210017,Lagunas de Ruidera,CASTILLA - LA MANCHA,B,34382.0656667,147408.134407,343820656.667
520,ES4240016,Alto Tajo,CASTILLA - LA MANCHA,C,190523.628362,559861.77665,1905236283.62
521,ES0000161,Laguna de El Hito,CASTILLA - LA MANCHA,C,971.032903413,12617.3729497,9710329.03413
522,ES0000438,Carrizales y sotos del Jarama y Tajo,CASTILLA - LA MANCHA,A,974.770401621,99887.5302097,9747704.01621
523,ES0000153,Área esteparia del este de Albacete,CASTILLA - LA MANCHA,A,25687.863291,213648.541323,256878632.91
524,ES0000154,Zona esteparia de El Bonillo,CASTILLA - LA MANCHA,A,17312.5651588,93618.3987275,173125651.588
525,ES0000158,Áreas esteparias del Campo de Montiel,CASTILLA - LA MANCHA,A,16076.048945,137811.960789,160760489.45
526,ES0000157,Campo de Calatrava,CASTILLA - LA MANCHA,A,8966.22869748,41577.5338207,89662286.9748
527,ES0000390,San Clemente,CASTILLA - LA MANCHA,A,10663.2022933,81923.5297507,106632022.933
528,ES0000167,Estepas cerealistas de La Campiña,CASTILLA - LA MANCHA,A,2484.50705257,31788.1103044,24845070.5257
529,ES0000435,Área esteparia de la margen derecha del río Guadarrama,CASTILLA - LA MANCHA,A,12771.4802644,128040.301525,127714802.644
530,ES0000170,Área esteparia de La Mancha norte,CASTILLA - LA MANCHA,A,107059.629492,553608.422019,1070596294.92
531,ES0000550,Colonias de cernícalo primilla en iglesias de Almodovar del Campo y Tierteafuea,CASTILLA - LA MANCHA,A,0.143178639999,243.923533938,1431.78639999
532,ES4250009,Yesares del valle del Tajo,CASTILLA - LA MANCHA,B,28547.6045622,411632.393388,285476045.622
533,ES4250001,Sierra de San Vicente y valles del Tiétar y Alberche,CASTILLA - LA MANCHA,C,117948.923067,597751.043807,1179489230.67
534,ES3110003,Cuenca del río Guadalix,COMUNIDAD DE MADRID,B,2477.17764454,84944.3677214,24771776.4454
535,ES3110004,Cuenca del río Manzanares,COMUNIDAD DE MADRID,B,62999.754529,217650.962462,629997545.29
536,ES3110006,"Vegas, cuestas y páramos del sureste de Madrid",COMUNIDAD DE MADRID,B,51008.7147392,585669.051765,510087147.392
537,ES3110002,Cuenca del río Lozoya y Sierra Norte,COMUNIDAD DE MADRID,B,50231.0461112,622977.121664,502310461.112
538,ES3110001,Cuencas de los ríos Jarama y Henares,COMUNIDAD DE MADRID,B,36063.9468047,347164.491517,360639468.047
539,ES3110007,Cuencas de los ríos Alberche y Cofio,COMUNIDAD DE MADRID,B,82856.5554695,257561.683653,828565554.695
540,ES3110005,Cuenca del río Guadarrama,COMUNIDAD DE MADRID,B,33936.77265,469981.193175,339367726.5
541,ES0000139,Estepas cerealistas de los ríos Jarama y Henares,COMUNIDAD DE MADRID,A,33230.8235477,131446.636674,332308235.477
542,ES0000119,Carrizales y sotos de Aranjuez,COMUNIDAD DE MADRID,A,14957.0390656,132262.998275,149570390.656
543,ES0000011,Monte de El Pardo,COMUNIDAD DE MADRID,A,15298.6734836,62708.1682323,152986734.836
544,ES0000012,Soto de Viñuelas,COMUNIDAD DE MADRID,A,3071.89708961,25013.2182038,30718970.8961
545,ES0000142,Cortados y cantiles de los ríos Jarama y Manzanares,COMUNIDAD DE MADRID,A,27982.9399701,177013.259415,279829399.701
546,ES0000057,Alto Lozoya,COMUNIDAD DE MADRID,A,7853.72068523,48498.4744096,78537206.8523
547,ES0000056,Encinares del río Alberche y río Cofio,COMUNIDAD DE MADRID,A,82998.8668614,256333.402292,829988668.614
548,ES2200017,Señorío de Bértiz,NAVARRA,B,2052.3195231,22503.4654192,20523195.231
549,ES2200010,Artikutza,NAVARRA,B,3638.54688558,29945.2947553,36385468.8558
550,ES2200015,Regata de Orabidea y turbera de Arxuri,NAVARRA,B,191.041247505,44133.621394,1910412.47505
551,ES2200023,Río Baztan y Regata Artesiaga,NAVARRA,B,76.0392878694,32438.8702687,760392.878694
552,ES0000128,Sierra de San Miguel,NAVARRA,C,3113.51542412,31037.673233,31135154.2412
553,ES0000129,"Sierra de Artxuga, Zarikieta y Montes de Areta",NAVARRA,C,19530.1377492,159973.052496,195301377.492
554,ES2200021,Urbasa y Andia,NAVARRA,B,27857.6751763,181251.979674,278576751.763
555,ES2200043,Robledales de Ultzama y Basaburua,NAVARRA,B,2274.6480678,69131.8447475,22746480.678
556,ES2200042,"Peñadil, Montecillo y Monterrey",NAVARRA,B,3072.77744757,47034.3752171,30727774.4757
557,ES0000122,Aritzakun-Urritzate-Gorramendi,NAVARRA,C,6032.47987956,47948.0949737,60324798.7956
558,ES2200039,Badina Escudera,NAVARRA,B,157.987079525,8608.71908521,1579870.79525
559,ES0000134,Embalse de las Cañas,NAVARRA,C,178.821704406,6762.41718153,1788217.04406
560,ES0000123,Larra-Aztaparreta,NAVARRA,C,3922.84515,39014.6879445,39228451.5
561,ES2200020,Sierra de Aralar,NAVARRA,B,14648.9040031,102470.844672,146489040.031
562,ES2200022,Sierra de Lokiz,NAVARRA,B,13145.6864546,134840.348377,131456864.546
563,ES2200030,Tramo medio del río Aragón,NAVARRA,B,2699.75310081,229484.077304,26997531.0081
564,ES2200032,Montes de la Valdorba,NAVARRA,B,1728.61779783,52915.148844,17286177.9783
565,ES0000124,Sierra de Illón y Foz de Burgui,NAVARRA,B,4700.75851992,59809.3645132,47007585.1992
566,ES0000130,Sierra de Arrigorrieta y Peña Ezkaurre,NAVARRA,B,6377.99123536,61169.081016,63779912.3536
567,ES2200024,Ríos Ega-Urederra,NAVARRA,B,531.488741307,114648.320853,5314887.41307
568,ES0000125,Sierra de Leire y Foz de Arbaiun,NAVARRA,B,8895.51357921,87731.5736107,88955135.7921
569,ES2200041,Balsa del Pulguer,NAVARRA,B,304.065957499,15446.3148702,3040659.57499
570,ES2200012,Río Salazar,NAVARRA,B,414.554281115,127706.830595,4145542.81115
571,ES2200009,Larrondo-Lakartxela,NAVARRA,B,2614.10414659,47064.573976,26141041.4659
572,ES2200027,Ríos Eska y Biniés,NAVARRA,B,288.674006054,105747.479115,2886740.06054
573,ES2200025,"Sistema fluvial de los ríos Irati, Urrobi y Erro",NAVARRA,B,1101.03992079,233085.126864,11010399.2079
574,ES0000126,Roncesvalles-Selva de Irati,NAVARRA,C,18077.7349368,125481.734962,180777349.368
575,ES2200019,Monte Alduide,NAVARRA,B,9028.69422537,100278.829121,90286942.2537
576,ES2200018,Belate,NAVARRA,B,26067.4402047,170432.740474,260674402.047
577,ES2200014,Río Bidasoa,NAVARRA,B,387.042042176,134828.252375,3870420.42176
578,ES2200026,Sierra de Ugarra,NAVARRA,B,5087.40460064,59038.6185324,50874046.0064
579,ES0000135,Estanca de los Dos Reinos,NAVARRA,C,31.7895173132,2512.94947772,317895.173132
580,ES2200033,Laguna del Juncal,NAVARRA,B,60.4878567719,3451.4980758,604878.567719
581,ES2200040,Río Ebro,NAVARRA,B,2120.37187441,165921.128818,21203718.7441
582,ES2200013,Río Areta,NAVARRA,B,349.561468189,89130.0187782,3495614.68189
583,ES0000133,Laguna de Pitillas,NAVARRA,C,523.757245272,23622.308728,5237572.45272
584,ES2200037,Bardenas Reales,NAVARRA,B,58442.5353557,240155.130441,584425353.557
585,ES0000127,Peña Izaga,NAVARRA,C,2809.65251098,46872.3534443,28096525.1098
586,ES0000132,Arabarko,NAVARRA,C,1717.78006262,22664.8897463,17177800.6262
587,ES2200029,Sierra de Codés,NAVARRA,B,5055.97324587,132955.40284,50559732.4587
588,ES2200031,Yesos de la Ribera Estellesa,NAVARRA,B,19081.5418082,342048.938282,190815418.082
589,ES2200035,Tramos Bajos del Aragón y del Arga,NAVARRA,B,2499.91485445,242532.613644,24999148.5445
590,ES0000150,Peña de Etxauri,NAVARRA,A,69.8667572235,3832.97967252,698667.572235
591,ES0000151,Caparreta,NAVARRA,A,36.3379623935,4642.96804733,363379.623935
592,ES0000171,El Plano-Blanca alta,NAVARRA,A,8857.33067833,59548.2309355,88573306.7833
593,ES0000172,Rincón del Bu-La Nasa-Tripazul,NAVARRA,A,3650.59998343,31214.4829134,36505999.8343
594,ES0000481,Foces de Benasa y Burgui,NAVARRA,A,4348.9588152,48966.6597681,43489588.152
595,ES0000482,Arbaiun-Leire,NAVARRA,A,8463.97253765,65648.3651184,84639725.3765
596,ES0000483,Ezkaurre-Arrigorrieta,NAVARRA,A,5014.15900209,42152.1593825,50141590.0209
597,ES0000243,Txingudi,PAÍS VASCO,A,138.057471009,14015.9958669,1380574.71009
598,ES0000244,Gorobel mendilerroa / Sierra Sálvada,PAÍS VASCO,A,3883.74288922,71695.1917298,38837428.8922
599,ES2110018,Arabako hegoaldeko mendilerroak / Sierras meridionales de Álava,PAÍS VASCO,C,18515.0228824,284061.792059,185150228.824
600,ES2110019,Izki,PAÍS VASCO,C,9482.10103055,125858.445665,94821010.3055
601,ES2110014,Salburua,PAÍS VASCO,C,217.455739529,8630.76840678,2174557.39529
602,ES0000144,Urdaibaiko itsasadarra / Ría de Urdaibai,PAÍS VASCO,A,3242.28544958,76157.0830188,32422854.4958
603,ES2110024,Valderejo-Sobrón-Árcenako mendilerroa / Valderejo-Sobrón-Sierra de Árcena,PAÍS VASCO,C,6815.71026073,73631.6911875,68157102.6073
604,ES2120018,Txingudi-Bidasoa,PAÍS VASCO,B,139.051144325,19969.545803,1390511.44325
605,ES2110003,Urkabustaizko irla-hariztiak / Robledales isla de Urkabustaiz,PAÍS VASCO,B,276.756838472,14479.3519031,2767568.38472
606,ES2110004,Arkamu-Gibillo-Arrastaria,PAÍS VASCO,B,11649.0672175,133226.302261,116490672.175
607,ES2110009,Gorbeia,PAÍS VASCO,B,20226.4478214,162428.406259,202264478.214
608,ES2110011,Zadorraren sistemako urtegiak / Embalses del sistema del Zadorra,PAÍS VASCO,B,2716.7817891,130416.677457,27167817.891
609,ES2110013,Arabako lautadako irla-hariztiak / Robledales isla de la llanada alavesa,PAÍS VASCO,B,246.01363032,34169.931474,2460136.3032
610,ES2110017,Barrundia ibaia / Río Barrundia,PAÍS VASCO,B,98.0576709992,39162.85097,980576.709992
611,ES2110020,Ega-Berron ibaia / Río Ega-Berron,PAÍS VASCO,B,226.284171223,81602.5394828,2262841.71223
612,ES2110022,Entzia,PAÍS VASCO,B,10006.3997846,128210.67942,100063997.846
613,ES2120001,Arno,PAÍS VASCO,B,1121.57876274,30676.442313,11215787.6274
614,ES2120002,Aizkorri-Aratz,PAÍS VASCO,B,15937.4149634,200970.7838,159374149.634
615,ES2120003,Izarraitz,PAÍS VASCO,B,1605.52106381,33011.210244,16055210.6381
616,ES2120004,Urolako itsasadarra / Ría del Urola,PAÍS VASCO,B,111.974331732,15282.3892445,1119743.31732
617,ES2120005,Oria Garaia / Alto Oria,PAÍS VASCO,B,152.067800367,59787.1704173,1520678.00367
618,ES2120006,Pagoeta,PAÍS VASCO,B,1365.18981241,29267.1677832,13651898.1241
619,ES2120007,Garate-Santa Barbara,PAÍS VASCO,B,160.53167421,8530.5719713,1605316.7421
620,ES2120008,Hernio-Gazume,PAÍS VASCO,B,2216.75606031,43026.40632,22167560.6031
621,ES2120009,Iñurritza,PAÍS VASCO,B,81.2816228651,9665.86557458,812816.228651
622,ES2120010,Oriako itsasadarra / Ría del Oria,PAÍS VASCO,B,189.47997189,19329.3076988,1894799.7189
623,ES2120011,Aralar,PAÍS VASCO,B,10953.8070462,78366.9291056,109538070.462
624,ES2120012,Araxes ibaia / Río Araxes,PAÍS VASCO,B,64.2257729476,25749.4013601,642257.729476
625,ES2120013,Leitzaran ibaia / Río Leitzaran,PAÍS VASCO,B,91.9091043422,115953.316955,919091.043422
626,ES2120014,Ulia,PAÍS VASCO,B,42.2200620385,14791.9054607,422200.620385
627,ES2120015,Urumea ibaia / Río Urumea,PAÍS VASCO,B,73.2955829995,22212.2010696,732955.829995
628,ES2120016,Aiako harria,PAÍS VASCO,B,6806.19271022,116229.644392,68061927.1022
629,ES2120017,Jaizkibel,PAÍS VASCO,B,2469.82311077,48846.6611431,24698231.1077
630,ES2130001,Armañón,PAÍS VASCO,B,3004.06516181,52781.8876491,30040651.6181
631,ES2130002,Ordunte,PAÍS VASCO,B,4343.49210566,61865.9264827,43434921.0566
632,ES2130003,Barbadungo Itsasadarra / Ría del Barbadun,PAÍS VASCO,B,49.7582871532,3380.33418824,497582.871532
633,ES2130004,Astondoko haremunak / Dunas de Astondo,PAÍS VASCO,B,5.18532956248,958.445851208,51853.2956248
634,ES2130009,Urkiola,PAÍS VASCO,B,6020.53038644,89995.0125348,60205303.8644
635,ES2130010,Lea ibaia / Río Lea,PAÍS VASCO,B,110.399054481,36054.6855942,1103990.54481
636,ES2130011,Artibai ibaia / Río Artibai,PAÍS VASCO,B,138.964206508,46770.0420875,1389642.06508
637,ES2110005,Omecillo-Tumecillo ibaia / Río Omecillo-Tumecillo,PAÍS VASCO,B,132.641535462,53621.5798021,1326415.35462
638,ES2110006,Baia ibaia / Río Baia,PAÍS VASCO,B,448.437311862,102992.415829,4484373.11862
639,ES2110008,Ebro ibaia / Río Ebro,PAÍS VASCO,B,549.798110076,156965.543593,5497981.10076
640,ES2110010,Zadorra ibaia / Río Zadorra,PAÍS VASCO,B,334.075346841,122667.150047,3340753.46841
641,ES2130005,Gaztelugatxeko Doniene / San Juan de Gaztelugatxe,PAÍS VASCO,B,157.757160267,9770.4596116,1577571.60267
642,ES2130006,Urdaibaiko ibai sarea / Red fluvial de Urdaibai,PAÍS VASCO,B,1327.97912548,959075.648839,13279791.2548
643,ES2130007,Urdaibaiko itsasertzak eta padurak / Zonas litorales y marismas de Urdaibai,PAÍS VASCO,B,1009.6210417,69243.2055007,10096210.417
644,ES2130008,Urdaibaiko artadi kantauriarrak / Encinares cantábricos de Urdaibai,PAÍS VASCO,B,1582.8097621,61833.577068,15828097.621
645,ES2110021,Guardiako aintzirak / Lagunas de Laguardia,PAÍS VASCO,B,79.723032993,17334.1661039,797230.32993
646,ES2110016,Aldaiako mendiak / Montes de Aldaia,PAÍS VASCO,B,1120.53106647,24631.2327184,11205310.6647
647,ES2110007,Caicedo Yuso eta Arreoko lakua / Lago de Caicedo Yuso y Arreo,PAÍS VASCO,B,148.308225624,7553.22413388,1483082.25624
648,ES2110012,Ihuda ibaia / Río Ihuda (Ayuda),PAÍS VASCO,B,67.2331442522,22040.1797223,672331.442522
649,ES2110023,Arakil ibaia / Río Arakil,PAÍS VASCO,B,30.0682621803,12147.5998049,300682.621803
650,ES2110015,Gasteizko Mendiak / Montes de Vitoria,PAÍS VASCO,B,5158.53135719,133971.805026,51585313.5719
651,ES1300002,Montaña oriental,CANTABRIA,B,21711.2822296,123470.943639,217112822.296
652,ES1300004,Dunas de Liencres y Estuario del Pas,CANTABRIA,B,544.237243566,44033.4640264,5442372.43566
653,ES1300005,Dunas del Puntal y Estuario del Miera,CANTABRIA,B,675.120800532,32213.6869274,6751208.00532
654,ES1300006,Costa central y Ría de Ajo,CANTABRIA,B,444.504161893,54292.7302137,4445041.61893
655,ES1300007,"Marismas de Santoña, Victoria y Joyel",CANTABRIA,B,3701.53997099,161609.573898,37015399.7099
656,ES1300009,Río Nansa,CANTABRIA,B,569.871487538,178749.622285,5698714.87538
657,ES1300010,Río Pas,CANTABRIA,B,957.327559598,292738.853874,9573275.59598
658,ES1300015,Río Miera,CANTABRIA,B,395.545855578,158455.186036,3955458.55578
659,ES1300016,Sierra del Escudo,CANTABRIA,B,3198.18957372,38790.2070878,31981895.7372
660,ES1300017,Cueva La Rogería,CANTABRIA,B,112.278518146,4436.80509814,1122785.18146
661,ES1300019,Cueva del Rejo,CANTABRIA,B,180.011936864,7170.87498722,1800119.36864
662,ES1300020,Río Saja,CANTABRIA,B,321.284514698,99650.5752304,3212845.14698
663,ES1300021,Valles altos del Nansa y Saja y Alto Campoo,CANTABRIA,B,51117.2898512,214666.688403,511172898.512
664,ES1300014,Río Camesa,CANTABRIA,B,245.751136376,88477.0854039,2457511.36376
665,ES1300011,Río Asón,CANTABRIA,B,530.437572228,165724.953921,5304375.72228
666,ES1300012,Río Agüera,CANTABRIA,B,212.948584355,51477.0752282,2129485.84355
667,ES1300013,Río y Embalse del Ebro,CANTABRIA,B,7680.72425912,387362.38664,76807242.5912
668,ES1300022,Sierra del Escudo de Cabuérniga,CANTABRIA,B,787.033139142,13269.096651,7870331.39142
669,ES1300003,Rias occidentales y Duna de Oyambre,CANTABRIA,B,1273.52157002,112703.311554,12735215.7002
670,ES1300001,Liébana,CANTABRIA,B,42630.663889,273912.40063,426306638.89
671,ES1300008,Rio Deva,CANTABRIA,B,413.436464795,172094.146398,4134364.64795
672,ES0000143,"Marismas de Santoña, Victoria y Joyel y Ría de Ajo",CANTABRIA,A,6760.18699858,108735.604688,67601869.9858
673,ES0000198,Liébana,CANTABRIA,A,29142.8586888,154467.254034,291428586.888
674,ES0000248,Desfiladero de la Hermida,CANTABRIA,A,6394.43154197,47939.2643582,63944315.4197
675,ES0000249,Sierra de Peña Sagra,CANTABRIA,A,5061.74535662,45569.7696473,50617453.5662
676,ES0000250,Sierra de Híjar,CANTABRIA,A,4769.75563219,36500.0917109,47697556.3219
677,ES0000251,Sierra del Cordel y cabeceras del Nansa y del Saja,CANTABRIA,A,16254.4988374,65957.7000389,162544988.374
678,ES0000252,Embalse del Ebro,CANTABRIA,A,6688.02322237,56789.5958754,66880232.2237
679,ES0000253,Hoces del Ebro,CANTABRIA,A,4064.26120187,34800.9023699,40642612.0187
680,ES0000031,Sierra de Grazalema,ANDALUCÍA,C,53411.2684889,166618.701458,534112684.889
681,ES0000046,Cabo de Gata-Níjar,ANDALUCÍA,C,49512.1907343,205378.370051,495121907.343
682,ES6110003,Sierra Maria - Los Vélez,ANDALUCÍA,C,22589.3929314,153843.200337,225893929.314
683,ES6120009,Fondos Marinos de Bahía de Cádiz,ANDALUCÍA,B,7035.41753518,61338.0833529,70354175.3518
684,ES6180010,Rivera de Cala,ANDALUCÍA,B,20.0553100044,4885.00785859,200553.100044
685,ES6120013,Sierra Líjar,ANDALUCÍA,B,7345.99121541,73596.274633,73459912.1541
686,ES6110008,Sierras de Gádor y Enix,ANDALUCÍA,B,50343.7634628,278571.064053,503437634.628
687,ES6130001,Sierra de Cardeña y Montoro,ANDALUCÍA,C,38435.8949344,129369.920671,384358949.344
688,ES6130002,Sierras Subbéticas,ANDALUCÍA,C,32055.7386443,121047.947831,320557386.443
689,ES6140001,Sierra de Baza,ANDALUCÍA,B,53649.5051147,141047.847323,536495051.147
690,ES6140002,Sierra de Castril,ANDALUCÍA,C,12695.2829185,79082.8985769,126952829.185
691,ES6140003,Sierra de Huétor,ANDALUCÍA,B,12128.5812864,81520.0149733,121285812.864
692,ES6140015,Barrancos del Río de Aguas Blancas,ANDALUCÍA,B,2994.58481828,26677.9784791,29945848.1828
693,ES6140006,Sierra de Arana,ANDALUCÍA,B,20010.2868634,139265.681693,200102868.634
694,ES6140005,Sierra de La Sagra,ANDALUCÍA,B,46212.8088899,223122.114523,462128088.899
695,ES6130007,Guadiato-Bembézar,ANDALUCÍA,B,114738.441646,495190.626578,1147384416.46
696,ES6180016,Venta de Las Navas,ANDALUCÍA,B,612.682336802,11723.3076683,6126823.36802
697,ES6130006,Guadalmellato,ANDALUCÍA,B,40047.6688475,184376.284341,400476688.475
698,ES6130005,Suroeste de La Sierra de Cardeña y Montoro,ANDALUCÍA,B,33064.8344517,128483.045053,330648344.517
699,ES6130016,Río Guadalbarbo,ANDALUCÍA,B,44.2256552349,19524.691006,442256.552349
700,ES6130009,Ríos Cuzna y Gato,ANDALUCÍA,B,205.200695085,67973.0079079,2052006.95085
701,ES6180004,Sierra de Alanís,ANDALUCÍA,B,6550.67422138,55393.5433043,65506742.2138
702,ES6160008,"Cuencas del Rumblar, Guadalén y Guadalmena",ANDALUCÍA,B,179083.667931,616475.827759,1790836679.31
703,ES6160006,Sierra de Andújar,ANDALUCÍA,C,74916.5424312,201456.171806,749165424.312
704,ES6160007,Sierra Mágina,ANDALUCÍA,C,19960.5653392,90096.8370972,199605653.392
705,ES6160012,Río Jándula,ANDALUCÍA,B,77.1253604792,11751.7426689,771253.604792
706,ES6160014,Río Guadalimar,ANDALUCÍA,B,3167.78406939,302508.440203,31677840.6939
707,ES6120025,Río Iro,ANDALUCÍA,B,273.843683578,147463.951488,2738436.83578
708,ES6120019,Río Salado de Conil,ANDALUCÍA,B,211.534119595,159349.042148,2115341.19595
709,ES6170011,Sierra Blanca,ANDALUCÍA,B,6547.74066749,53301.9573395,65477406.6749
710,ES6150029,Estuario del Río Tinto,ANDALUCÍA,B,1166.61888783,44766.8831021,11666188.8783
711,ES6150014,Marismas y Riberas del Tinto,ANDALUCÍA,B,3016.66025274,59801.4192042,30166602.5274
712,ES6160013,Río Guadalquivir  Tramo Superior,ANDALUCÍA,B,258.213496984,92644.5616919,2582134.96984
713,ES6160011,Río Guadiana Menor - Tramo Inferior,ANDALUCÍA,B,369.73939942,101193.351035,3697393.9942
714,ES6160015,Río Guadiana Menor - Tramo Superior,ANDALUCÍA,B,211.962404854,63889.6130455,2119624.04854
715,ES6150021,Corredor Ecológico del Río Tinto,ANDALUCÍA,B,21833.6145935,522574.233084,218336145.935
716,ES6170016,Valle del Río del Genal,ANDALUCÍA,B,23555.1014131,133398.850262,235551014.131
717,ES6160005,Despeñaperros,ANDALUCÍA,C,7840.82195371,59858.9674339,78408219.5371
718,ES0000033,Laguna de Fuente de Piedra,ANDALUCÍA,C,8667.38635648,42786.2194159,86673863.5648
719,ES6170015,Lagunas de Campillos,ANDALUCÍA,C,1338.20944166,17078.3623407,13382094.4166
720,ES6120003,Estuario del Río Guadiaro,ANDALUCÍA,C,35.0898962484,2359.08719472,350898.962484
721,ES6120034,Fondos Marinos Estuario del Río Guadiaro,ANDALUCÍA,B,107.432816121,4492.54731007,1074328.16121
722,ES6170003,Desfiladero de Los Gaitanes,ANDALUCÍA,C,2179.60733536,30861.6861719,21796073.3536
723,ES6170004,Los Reales de Sierra Bermeja,ANDALUCÍA,C,1212.78945024,20447.9171827,12127894.5024
724,ES6130008,Tramo Inferior del Río Guadajoz,ANDALUCÍA,B,480.045031648,81495.9808104,4800450.31648
725,ES6130015,Río Guadalquivir -Tramo Medio,ANDALUCÍA,B,2548.91765809,319067.936205,25489176.5809
726,ES6160003,Cascada de Cimbarra,ANDALUCÍA,C,558.242934469,14088.3841775,5582429.34469
727,ES6160010,Tramo Inferior del Río Guadalimar y Alto Guadalquivir,ANDALUCÍA,B,817.712988658,149636.69343,8177129.88658
728,ES6130010,Río Guadamatilla y Arroyo del Tamujar,ANDALUCÍA,B,186.833588109,56970.2913319,1868335.88109
729,ES6130014,Arroyo de Ventas Nuevas,ANDALUCÍA,B,12.7771979227,9555.0943673,127771.979227
730,ES6150020,Arroyo del Alamillo,ANDALUCÍA,B,53.2375585107,22095.2754556,532375.585107
731,ES6150015,Isla de San Bruno,ANDALUCÍA,B,376.652226192,11921.5439125,3766522.26192
732,ES6150018,Río Guadiana y Ribera de Chanza,ANDALUCÍA,B,1463.26147419,197010.545249,14632614.7419
733,ES6150022,Rivera de Chanza,ANDALUCÍA,B,421.645938311,140176.692502,4216459.38311
734,ES6120027,Salado de San Pedro,ANDALUCÍA,B,115.838154817,65417.2938716,1158381.54817
735,ES6150019,Bajo Guadalquivir,ANDALUCÍA,B,4772.41455221,226786.690616,47724145.5221
736,ES6120028,Río de La Jara,ANDALUCÍA,B,20.4949252282,12177.2061638,204949.252282
737,ES6170005,Sierra Crestellina,ANDALUCÍA,C,489.514141188,10818.0569041,4895141.41188
738,ES0000032,Torcal de Antequera,ANDALUCÍA,C,2182.13938748,25609.9608846,21821393.8748
739,ES6170013,Sierra de Mollina,ANDALUCÍA,B,826.280946086,13704.4543801,8262809.46086
740,ES6170018,Cueva de Belda I,ANDALUCÍA,B,23.6733952826,2548.07834735,236733.952826
741,ES6170023,"Yeso III, Higuerones IX y El Marrubio",ANDALUCÍA,B,188.75579427,8308.2228425,1887557.9427
742,ES6120020,Túnel III de Bornos,ANDALUCÍA,B,106.407936588,5014.88612718,1064079.36588
743,ES6120024,Cueva del Búho,ANDALUCÍA,B,53.5575921343,3197.17173644,535575.921343
744,ES6120026,Cueva de las Mesas de Algar,ANDALUCÍA,B,84.0771211145,5092.03221799,840771.211145
745,ES6120030,Cuevas de La Mujer y de Las Colmenas,ANDALUCÍA,B,47.9506514909,2966.08406141,479506.514909
746,ES6180012,Minas El Galayo y La Jabata,ANDALUCÍA,B,50.2726994404,4140.16084657,502726.994404
747,ES6120022,Búnker del Tufillo,ANDALUCÍA,B,0.12476996861,125.38655326,1247.6996861
748,ES6120029,Búnker del Santuario de La Luz,ANDALUCÍA,B,2.77510189079,621.050659041,27751.0189079
749,ES6180015,Mina El Abrevadero,ANDALUCÍA,B,183.581882381,6860.58288626,1835818.82381
750,ES6150027,Mina Oriente,ANDALUCÍA,B,7.50627676487,1178.84522236,75062.7676487
751,ES6150024,El Jure,ANDALUCÍA,B,7.66126608181,1168.2740481,76612.6608181
752,ES6150025,Mina Carpio,ANDALUCÍA,B,7.05859488167,1058.40362011,70585.9488167
753,ES6170027,Arroyo de La Cala,ANDALUCÍA,B,16.8276568934,17066.3647947,168276.568934
754,ES6170033,"Ríos Guadalhorce, Fahalas y Pereilas",ANDALUCÍA,B,633.430558314,167671.415136,6334305.58314
755,ES6170028,Río Guadalmedina,ANDALUCÍA,B,82.0789146382,50518.2415235,820789.146382
756,ES6170017,Río de Castor,ANDALUCÍA,B,23.312046639,14982.2788943,233120.46639
757,ES6170022,Río Fuengirola,ANDALUCÍA,B,152.408824436,73758.4365507,1524088.24436
758,ES6170020,Río Guadaiza,ANDALUCÍA,B,49.4233518209,18483.958725,494233.518209
759,ES6170024,Río Guadalmansa,ANDALUCÍA,B,53.0631751535,15293.3801466,530631.751535
760,ES6170029,Río Manilva,ANDALUCÍA,B,36.7347894603,25000.9510543,367347.894603
761,ES6170026,Río del Padrón,ANDALUCÍA,B,41.084337939,15213.0058234,410843.37939
762,ES6170025,Río Real,ANDALUCÍA,B,33.4334792065,20012.954788,334334.792065
763,ES6170019,Río Verde,ANDALUCÍA,B,225.945261005,30477.0852515,2259452.61005
764,ES6170021,Río Guadalmina,ANDALUCÍA,B,45.7603361326,14867.0211732,457603.361326
765,ES6110018,Río Adra,ANDALUCÍA,B,288.178258431,165533.108677,2881782.58431
766,ES6170034,Río Guadalevín,ANDALUCÍA,B,66.0468197826,38654.9082821,660468.197826
767,ES6170031,Río Guadiaro,ANDALUCÍA,B,72.9403986439,26449.7637332,729403.986439
768,ES6110016,Rambla de Arejos,ANDALUCÍA,B,4.38811427919,1974.65424436,43881.1427919
769,ES6160001,Laguna Honda,ANDALUCÍA,B,327.069631624,8390.60010648,3270696.31624
770,ES6170002,Acantilados de Maro-Cerro Gordo,ANDALUCÍA,C,1912.85016606,23355.5777322,19128501.6606
771,ES6180005,Corredor Ecológico del Río Guadiamar,ANDALUCÍA,B,17013.4609392,370685.872438,170134609.392
772,ES6170008,Sierras de Abdalajís y La Encantada Sur,ANDALUCÍA,B,2745.87926936,47547.3411738,27458792.6936
773,ES6170009,Sierras de Alcaparaín y Aguas,ANDALUCÍA,B,5622.90106887,61870.4742208,56229010.6887
774,ES6130003,Sierra de Santa Eufemia,ANDALUCÍA,B,10656.2183272,53754.2261561,106562183.272
775,ES6110004,Sierra del Oso,ANDALUCÍA,B,12175.5994795,134240.277473,121755994.795
776,ES6110001,Albufera de Adra,ANDALUCÍA,C,131.413666999,5202.56023451,1314136.66999
777,ES6130004,Río Guadalmez,ANDALUCÍA,B,10560.6187878,140144.156613,105606187.878
778,ES6110013,Calares de Sierra de Los Filabres,ANDALUCÍA,B,6615.82880907,60050.4703371,66158288.0907
779,ES6110005,Sierra de Cabrera-Bédar,ANDALUCÍA,B,33705.825585,176620.954248,337058255.85
780,ES6120001,Cola del Embalse de Arcos,ANDALUCÍA,C,154.292443384,7147.90182897,1542924.43384
781,ES6120002,Cola del Embalse de Bornos,ANDALUCÍA,C,817.218488998,21940.300105,8172184.88998
782,ES6110017,Río Antas,ANDALUCÍA,B,50.9755603788,9097.87495705,509755.603788
783,ES6120008,La Breña y Marismas del Barbate,ANDALUCÍA,C,5076.80833802,78669.7246403,50768083.3802
784,ES0000034,Lagunas del Sur de Córdoba,ANDALUCÍA,C,1501.78076604,34103.9216183,15017807.6604
785,ES6150026,Mina Sotiel Coronada,ANDALUCÍA,B,2.35155152612,1017.94957016,23515.5152612
786,ES6150010,Andévalo Occidental,ANDALUCÍA,B,52980.9211728,247831.248434,529809211.728
787,ES6140013,Acantilados y Fondos Marinos Tesorillo-Salobreña,ANDALUCÍA,B,1045.13461878,15086.0928372,10451346.1878
788,ES6170030,Calahonda,ANDALUCÍA,B,1404.16562823,21826.2980956,14041656.2823
789,ES6140007,Sierras del Campanario y Las Cabras,ANDALUCÍA,B,8488.8997568,109937.433436,84888997.568
790,ES6110011,Sierra del Alto de Almagro,ANDALUCÍA,B,6357.45330926,90900.0065715,63574533.0926
791,ES6110012,"Sierras Almagrera, de Los Pinos y El Aguilón",ANDALUCÍA,B,5993.76234618,74821.6369905,59937623.4618
792,ES6170012,Sierra de Camarolos,ANDALUCÍA,B,8690.90649902,94435.0537739,86909064.9902
793,ES6140008,Sierra de Loja,ANDALUCÍA,B,26027.2019336,174277.910041,260272019.336
794,ES6180011,Río Corbones,ANDALUCÍA,B,762.792851184,214223.484157,7627928.51184
795,ES6180013,Río Guadaira,ANDALUCÍA,B,227.096882911,97276.2420067,2270968.82911
796,ES6180014,Salado de Lebrija-Las Cabezas,ANDALUCÍA,B,405.384330705,241278.699133,4053843.30705
797,ES6180007,"Arroyo de Santiago, Salado de Morón y Matabueyes/Garrapata",ANDALUCÍA,B,700.570920515,425676.516335,7005709.20515
798,ES6120021,Río Guadalete,ANDALUCÍA,B,710.337950596,146757.264566,7103379.50596
799,ES6130011,Río Guadamatilla,ANDALUCÍA,B,79.6060592816,29455.9479306,796060.592816
800,ES6140016,Acantilados y Fondos Marinos de La Punta de La Mona,ANDALUCÍA,B,124.918922937,7309.55195566,1249189.22937
801,ES6140014,Acantilados y Fondos Marinos de Calahonda-Castell de Ferro,ANDALUCÍA,B,972.704498913,15253.5532345,9727044.98913
802,ES6110020,Islote de San Andrés,ANDALUCÍA,B,41.7832446702,2373.99528718,417832.446702
803,ES6150009,Doñana Norte y Oeste,ANDALUCÍA,B,18587.3552345,334697.337466,185873552.345
804,ES0000052,Sierra Pelada y Rivera del Aserrador,ANDALUCÍA,C,12234.370008,107926.75861,122343700.08
805,ES6150007,Peñas de Aroche,ANDALUCÍA,C,737.34981548,13551.933291,7373498.1548
806,ES6160004,Laguna Grande,ANDALUCÍA,B,212.001343151,5237.93560776,2120013.43151
807,ES6160002,Alto Guadalquivir,ANDALUCÍA,C,830.481893908,84353.576453,8304818.93908
808,ES0000047,Desierto de Tabernas,ANDALUCÍA,C,11448.4948094,68282.9142478,114484948.094
809,ES6120006,Marismas del Río Palmones,ANDALUCÍA,C,113.050298799,6381.67017747,1130502.98799
810,ES6170007,"Sierras de Tejeda, Almijara y Alhama",ANDALUCÍA,C,40657.29509,169593.010516,406572950.9
811,ES6180006,Laguna de Coripe,ANDALUCÍA,B,75.035646941,3585.67223964,750356.46941
812,ES6120011,Laguna de Los Tollos,ANDALUCÍA,B,100.523068768,3760.26253668,1005230.68768
813,ES6120014,Laguna de Las Canteras y El Tejón,ANDALUCÍA,C,194.469520945,6131.98428537,1944695.20945
814,ES0000048,Punta Entinas-Sabinar,ANDALUCÍA,C,1971.72151846,33187.206711,19717215.1846
815,ES0000024,Doñana,ANDALUCÍA,C,128267.842279,407504.607774,1282678422.79
816,ES0000026,Complejo Endorreico de Espera,ANDALUCÍA,C,519.143968477,12534.2852651,5191439.68477
817,ES0000028,Complejo Endorreico de Chiclana,ANDALUCÍA,C,782.264940218,13655.3667177,7822649.40218
818,ES0000027,Laguna de Medina,ANDALUCÍA,C,351.070923002,7608.28589547,3510709.23002
819,ES0000029,Complejo Endorreico del Puerto de Santa María,ANDALUCÍA,C,255.039412972,7163.69849169,2550394.12972
820,ES0000030,Complejo Endorreico de Puerto Real,ANDALUCÍA,C,887.793181815,15042.4013756,8877931.81815
821,ES6170001,Laguna de La Ratosa,ANDALUCÍA,C,176.149502047,5405.59257919,1761495.02047
822,ES6180001,Complejo Endorreico de Utrera,ANDALUCÍA,C,1066.35318552,14115.3949194,10663531.8552
823,ES6180003,Laguna del Gosque,ANDALUCÍA,C,404.423950435,9312.51428503,4044239.50435
824,ES6110002,Karst en Yesos de Sorbas,ANDALUCÍA,C,2317.76485324,32838.3205581,23177648.5324
825,ES0000045,Sierra Alhamilla,ANDALUCÍA,C,8099.81543426,57953.7708635,80998154.3426
826,ES0000276,Peñón de Zaframagón,ANDALUCÍA,A,322.790044083,9008.37954066,3227900.44083
827,ES0000274,Embalse de Malpasillo,ANDALUCÍA,A,522.386268628,11729.9544438,5223862.68628
828,ES0000273,Embalse de Cordobilla,ANDALUCÍA,A,1457.06262063,19654.8798389,14570626.2063
829,ES0000272,Brazo del Este,ANDALUCÍA,A,1652.78742051,63326.5051009,16527874.2051
830,ES6130017,Alto Guadiato,ANDALUCÍA,A,33964.4387819,118796.949741,339644387.819
831,ES0000025,Marismas del Odiel,ANDALUCÍA,C,6618.08634433,76436.4903513,66180863.4433
832,ES6150001,Laguna de El Portil,ANDALUCÍA,B,1265.60254832,25036.6048496,12656025.4832
833,ES6150002,Enebrales de Punta Umbría,ANDALUCÍA,B,187.567181374,8040.50993913,1875671.81374
834,ES6150003,Estero de Domingo Rubio,ANDALUCÍA,C,343.064823477,17220.0692124,3430648.23477
835,ES6150004,Lagunas de Palos y Las Madres,ANDALUCÍA,B,648.94677857,18733.5449402,6489467.7857
836,ES6150006,Marismas del Río Piedras y Flecha del Rompido,ANDALUCÍA,C,2409.07617069,67523.6990358,24090761.7069
837,ES6150013,Dunas del Odiel,ANDALUCÍA,B,64.4438746607,6500.32147874,644438.746607
838,ES6150017,Marisma de Las Carboneras,ANDALUCÍA,B,263.372550359,15962.0379875,2633725.50359
839,ES6150028,Estuario del Río Piedras,ANDALUCÍA,B,443.180120591,23886.6883913,4431801.20591
840,ES6110014,Artos de El Ejido,ANDALUCÍA,B,264.4469381,18978.2843811,2644469.381
841,ES6150005,Marismas de Isla Cristina,ANDALUCÍA,C,2498.022941,37451.8926337,24980229.41
842,ES0000275,Complejo Endorreico de Lebrija-Las Cabezas,ANDALUCÍA,A,868.503258926,21955.5706601,8685032.58926
843,ES6150012,Dehesa del Estero y Montes de Moguer,ANDALUCÍA,B,2918.92553079,42295.5747033,29189255.3079
844,ES0000035,"Sierras de Cazorla, Segura y Las Villas",ANDALUCÍA,C,209929.923884,471406.144801,2099299238.84
845,ES6170038,Montes de Málaga,ANDALUCÍA,B,4992.84929134,86629.3820535,49928492.9134
846,ES0000049,Los Alcornocales,ANDALUCÍA,C,173619.519552,415162.970396,1736195195.52
847,ES6120031,Ríos Guadiaro y Hozgarganta,ANDALUCÍA,B,380.809226319,88764.2270017,3808092.26319
848,ES6120033,Fondos Marinos Marismas del Río Palmones,ANDALUCÍA,B,87.5530625877,3797.67526238,875530.625877
849,ES6110006,"Ramblas de Gérgal, Tabernas y Sur de Sierra Alhamilla",ANDALUCÍA,B,22845.2695125,237283.040427,228452695.125
850,ES6110007,La Serrata de Cabo de Gata,ANDALUCÍA,B,638.042390086,16447.7123506,6380423.90086
851,ES6120017,Punta de Trafalgar,ANDALUCÍA,B,664.73755736,13137.9497583,6647375.5736
852,ES6120018,Pinar de Roche,ANDALUCÍA,B,727.994969006,33478.581432,7279949.69006
853,ES6120023,Corrales de Rota,ANDALUCÍA,B,59.139856838,4128.08292866,591398.56838
854,ES6130013,Barrancos del Río Retortillo,ANDALUCÍA,B,519.55778795,16722.7206775,5195577.8795
855,ES6140009,Sierra Nevada Noroeste,ANDALUCÍA,B,801.047396633,22951.4615526,8010473.96633
856,ES6140010,Sierra de Baza Norte,ANDALUCÍA,B,1303.91271452,21054.0247179,13039127.1452
857,ES6140011,Sierra de Gualchos-Castell de Ferro,ANDALUCÍA,B,724.864800552,20386.451244,7248648.00552
858,ES6140012,La Malahá,ANDALUCÍA,B,693.357433445,40233.9315923,6933574.33445
859,ES6150016,Acebuchal de Alpízar,ANDALUCÍA,B,81.1828510041,4893.47593072,811828.510041
860,ES6150023,Dehesa de Torrecuadros y Arroyo de Pilas,ANDALUCÍA,B,1033.71706743,49307.2041912,10337170.6743
861,ES6160009,Estribaciones de Sierra Mágina,ANDALUCÍA,B,6108.41576881,112369.538253,61084157.6881
862,ES6180009,Río Viar,ANDALUCÍA,B,13.3501159877,10824.8387061,133501.159877
863,ES6140004,Sierra Nevada,ANDALUCÍA,C,172238.043085,511975.617854,1722380430.85
864,ES6110015,Isla de Alborán,ANDALUCÍA,C,12.2868739617,3111.37838101,122868.739617
865,ES6180017,Campiñas de Sevilla,ANDALUCÍA,A,35734.8966211,109758.876404,357348966.211
866,ES6180002,Complejo Endorreico de La Lantejuela,ANDALUCÍA,B,895.859867362,18619.5869381,8958598.67362
867,ES6130012,Río Zújar,ANDALUCÍA,B,689.993129054,224391.134396,6899931.29054
868,ES6170032,Sierra Blanquilla,ANDALUCÍA,B,617.030450233,19213.1162401,6170304.50233
869,ES6170006,Sierra de Las Nieves,ANDALUCÍA,C,29569.689183,144580.938363,295696891.83
870,ES6170010,Sierras Bermeja y Real,ANDALUCÍA,B,22556.1037057,180976.376847,225561037.057
871,ES6120015,Acebuchales de La Campiña Sur de Cádiz,ANDALUCÍA,B,26488.3953771,240086.108447,264883953.771
872,ES0000050,Sierra de Hornachuelos,ANDALUCÍA,C,59651.3620618,224241.153534,596513620.618
873,ES0000051,Sierra de Aracena y Picos de Aroche,ANDALUCÍA,C,186796.053913,317087.916352,1867960539.13
874,ES0000053,Sierra Morena de Sevilla,ANDALUCÍA,C,177480.735006,377794.246158,1774807350.06
875,ES0000337,Estrecho,ANDALUCÍA,C,19180.7362527,123136.981616,191807362.527
876,ES0000140,Bahía de Cádiz,ANDALUCÍA,C,10629.3992315,135155.178643,106293992.315
877,ES0000016,Ordesa y Monte Perdido,ARAGÓN,C,15797.923374,85841.9058316,157979233.74
878,ES0000149,Posets - Maladeta,ARAGÓN,C,34431.6859587,132824.494615,344316859.587
879,ES2410001,Los Valles - Sur,ARAGÓN,B,22912.5020361,89660.3237841,229125020.361
880,ES2410002,Pico y turberas del Anayet,ARAGÓN,B,408.3345626,8539.93536341,4083345.626
881,ES2410003,Los Valles,ARAGÓN,B,27065.2959991,101231.461388,270652959.991
882,ES2410004,San Juan de la Peña,ARAGÓN,B,1669.98632869,37060.1053317,16699863.2869
883,ES2410005,Guara Norte,ARAGÓN,B,12763.0814931,78526.5047919,127630814.931
884,ES2410006,Bujaruelo - Garganta de los Navarros,ARAGÓN,B,9775.24505449,52698.5006562,97752450.5449
885,ES2410008,Garganta de Obarra,ARAGÓN,B,735.599700646,16073.7792839,7355997.00646
886,ES2410009,Congosto de Ventamillo,ARAGÓN,B,246.994958617,7178.9848293,2469949.58617
887,ES2410010,Monte Pacino,ARAGÓN,B,509.793638109,9620.87382209,5097936.38109
888,ES2410011,Cabecera del río Aguas Limpias,ARAGÓN,B,3045.68626033,29620.7263928,30456862.6033
889,ES2410012,Foz de Biniés,ARAGÓN,B,166.589833237,5329.10403987,1665898.33237
890,ES2410013,Macizo de Cotiella,ARAGÓN,B,8275.33327914,63603.9506376,82753332.7914
891,ES2410014,Garcipollera - Selva de Villanúa,ARAGÓN,B,3898.87344079,32045.3887555,38988734.4079
892,ES2410015,Monte peiró - Arguís,ARAGÓN,B,1549.20677886,25497.5266797,15492067.7886
893,ES2410016,Santa María de Ascaso,ARAGÓN,B,191.30607575,8396.86083845,1913060.7575
894,ES2410017,Río Aragón (Jaca),ARAGÓN,B,59.9344665636,10189.2897668,599344.665636
895,ES2410018,Río Gállego (Ribera de Biescas),ARAGÓN,B,250.195584472,22766.4254507,2501955.84472
896,ES2410019,Río Cinca (Valle de Pineta),ARAGÓN,B,117.765646808,18808.828928,1177656.46808
897,ES2410021,Curso alto del río Aragón,ARAGÓN,B,145.979556919,16637.2156353,1459795.56919
898,ES2410022,Cuevas de Villanúa,ARAGÓN,B,0.12386751064,128.111105181,1238.6751064
899,ES2410023,Collarada y Canal de Ip,ARAGÓN,B,4027.04615364,36744.4527562,40270461.5364
900,ES2410024,Telera - Acumuer,ARAGÓN,B,5552.85218155,73902.2231704,55528521.8155
901,ES2410025,Sierra y Cañones de Guara,ARAGÓN,B,34662.6836691,145658.425245,346626836.691
902,ES2410026,Congosto de Sopeira,ARAGÓN,B,270.404473622,12128.2993649,2704044.73622
903,ES2410027,Río Aurín,ARAGÓN,B,91.0863152547,18155.3068334,910863.152547
904,ES2410029,Tendeñera,ARAGÓN,B,12814.9237542,61944.5745085,128149237.542
905,ES2410030,Serreta Negra,ARAGÓN,B,14062.4079621,109190.345009,140624079.621
906,ES2410031,Foz de Escarrilla -Cucuraza,ARAGÓN,B,1609.92627303,24969.9750799,16099262.7303
907,ES2410040,"Puertos de Panticosa, Bramatuero y Brazatos",ARAGÓN,B,3021.68265792,37755.1526173,30216826.5792
908,ES2410042,Sierra de Mongay,ARAGÓN,B,3193.24661118,37874.6389694,31932466.1118
909,ES2410044,Puerto de Otal - Cotefablo,ARAGÓN,B,1963.91170778,24896.306697,19639117.0778
910,ES2410045,Sobrepuerto,ARAGÓN,B,3468.96615465,31255.5094564,34689661.5465
911,ES2410046,Río Ésera,ARAGÓN,B,1758.45558078,50248.2411241,17584555.8078
912,ES2410048,Río Ara,ARAGÓN,B,2019.07917639,185800.017397,20190791.7639
913,ES2410049,Río Isábena,ARAGÓN,B,1992.54528476,138595.95235,19925452.8476
914,ES2410050,Cuenca del río Yesa,ARAGÓN,B,5599.92193643,36413.0339064,55999219.3643
915,ES2410051,Cuenca del río Airés,ARAGÓN,B,3742.07802049,31177.3343573,37420780.2049
916,ES2410052,Alto Valle del Cinca,ARAGÓN,B,14590.9563906,95659.928018,145909563.906
917,ES2410053,Chistau,ARAGÓN,B,10678.6444096,93340.0784666,106786444.096
918,ES2410054,Sierra Ferrera,ARAGÓN,B,8023.15305832,66009.3738759,80231530.5832
919,ES2410055,Sierra de Arro,ARAGÓN,B,1459.8940234,32807.4845417,14598940.234
920,ES2410056,Sierra de Chía - Congosto de Seira,ARAGÓN,B,8666.65468367,79192.4577631,86666546.8367
921,ES2410057,"Sierras de los Valles, Aísa y Borau",ARAGÓN,B,10769.0063712,82417.6210162,107690063.712
922,ES2410058,Río Veral,ARAGÓN,B,280.208436862,21395.9751834,2802084.36862
923,ES2410059,El Turbón,ARAGÓN,B,2821.89348624,23314.3206223,28218934.8624
924,ES2410060,Río Aragón - Canal de Berdún,ARAGÓN,B,981.730894273,66609.0738041,9817308.94273
925,ES2410061,Sierras de San Juan de la Peña y Peña Oroel,ARAGÓN,B,18185.958325,230736.21787,181859583.25
926,ES2410062,Río Gas,ARAGÓN,B,42.789469063,6257.65266265,427894.69063
927,ES2410064,Sierras de Santo Domingo y Caballera,ARAGÓN,B,30874.9457059,206002.256134,308749457.059
928,ES2410067,La Guarguera,ARAGÓN,B,516.604296882,63073.0983759,5166042.96882
929,ES2410068,Silves,ARAGÓN,B,2150.5254723,30503.6817505,21505254.723
930,ES2410069,Sierra de Esdolomada y Morrones de Güel,ARAGÓN,C,5413.80971416,46460.3717867,54138097.1416
931,ES2410070,Sierra del Castillo de Laguarres,ARAGÓN,B,3686.99919062,53671.1889929,36869991.9062
932,ES2410071,Congosto de Olvena,ARAGÓN,B,1882.74717501,20138.8001599,18827471.7501
933,ES2410072,Lagunas de Estaña,ARAGÓN,B,505.91248897,9188.08567692,5059124.8897
934,ES2410073,Ríos cinca y Alcanadre,ARAGÓN,B,6207.96294274,286671.776831,62079629.4274
935,ES2410074,Yesos de Barbastro,ARAGÓN,B,13771.0725363,135480.610816,137710725.363
936,ES2410075,Basal de Ballobar y Balsalet de Don Juan,ARAGÓN,B,228.611839142,7361.44449919,2286118.39142
937,ES2410076,Sierras de Alcubierre y Sigena,ARAGÓN,B,47049.7888734,293500.026441,470497888.734
938,ES2410084,Liberola - Serreta Negra,ARAGÓN,B,4918.42614862,88028.191743,49184261.4862
939,ES2410150,Cueva de los Moros,ARAGÓN,B,0.0625017500205,100.001400017,625.017500205
940,ES2410154,Turberas del Macizo de los Infiernos,ARAGÓN,B,50.2662403519,5161.74864601,502662.403519
941,ES2410155,Turberas de Acumuer,ARAGÓN,B,13.3022351208,2136.34449549,133022.351208
942,ES2420030,Sabinares del Puerto de Escandón,ARAGÓN,B,11605.5656526,87232.3420396,116055656.526
943,ES2420036,Puertos de Beceite,ARAGÓN,B,4664.40961654,46284.5575568,46644096.1654
944,ES2420037,Sierra de Javalambre,ARAGÓN,B,11568.8083931,61306.7795489,115688083.931
945,ES2420038,Castelfrío - Mas de Tarín,ARAGÓN,B,2206.37021308,20930.0564387,22063702.1308
946,ES2420039,Rodeno de Albarracín,ARAGÓN,B,3235.84859136,33910.2101866,32358485.9136
947,ES2420092,Barranco de Valdemesón - Azaila,ARAGÓN,B,617.545704168,11779.5271814,6175457.04168
948,ES2420093,Salada de Azaila,ARAGÓN,B,56.4643256174,2967.42144331,564643.256174
949,ES2420099,Sierra de Vizcuerno,ARAGÓN,B,2541.09596488,24067.4797723,25410959.6488
950,ES2420111,Montes de la Cuenca de Gallocanta,ARAGÓN,B,5328.02377672,72428.4025845,53280237.7672
951,ES2420112,Las Planetas - Claverías,ARAGÓN,B,2724.48223404,26318.6100359,27244822.3404
952,ES2420113,Parque Cultural del Río Martín,ARAGÓN,B,25389.2026506,135612.71656,253892026.506
953,ES2420114,Saladas de Alcañiz,ARAGÓN,B,650.799386339,13354.6085888,6507993.86339
954,ES2420115,Salada de Calanda,ARAGÓN,B,32.8691295327,2121.59619282,328691.295327
955,ES2420116,Río Mezquín y Oscuros,ARAGÓN,B,453.617099901,43105.6865852,4536170.99901
956,ES2420117,Río Bergantes,ARAGÓN,B,241.060729979,29562.1199047,2410607.29979
957,ES2420118,Río Algars,ARAGÓN,B,472.400795137,119963.156587,4724007.95137
958,ES2420119,Els Ports de Beseit,ARAGÓN,B,10158.9661004,65631.8954608,101589661.004
959,ES2420120,Sierra de Fonfría,ARAGÓN,B,11338.7326793,87178.4449293,113387326.793
960,ES2420121,Yesos de Barrachina y Cutanda,ARAGÓN,B,1534.71368739,33647.7450126,15347136.8739
961,ES2420122,Sabinar de El Villarejo,ARAGÓN,B,1500.32969875,16465.1221321,15003296.9875
962,ES2420123,Sierra Palomera,ARAGÓN,B,4409.47723983,36942.3852869,44094772.3983
963,ES2420124,Muelas y Estrechos del río Guadalope,ARAGÓN,B,19175.396973,141261.758136,191753969.73
964,ES2420125,Rambla de las Truchas,ARAGÓN,B,2397.44314564,23793.6772428,23974431.4564
965,ES2420126,Maestrazgo y Sierra de Gúdar,ARAGÓN,B,81048.0441473,260564.967342,810480441.473
966,ES2420128,Estrechos del río Mijares,ARAGÓN,B,1255.32191222,35337.9343024,12553219.1222
967,ES2420129,Sierra de Javalambre II,ARAGÓN,B,53257.9506012,240273.793986,532579506.012
968,ES2420131,Los Yesares y Laguna de Tortajada,ARAGÓN,B,2772.27599513,23692.1816143,27722759.9513
969,ES2420132,"Altos de Marimezquita, Los Pinarejos y Muela de Cascante",ARAGÓN,B,3272.37335594,25105.1473219,32723733.5594
970,ES2420133,Loma de Centellas,ARAGÓN,B,917.472386707,16269.0283077,9174723.86707
971,ES2420134,Sabinar de San Blas,ARAGÓN,B,5029.22057545,41717.1401137,50292205.7545
972,ES2420135,Cuenca del Ebrón,ARAGÓN,B,21836.9914942,111793.931126,218369914.942
973,ES2420136,Sabinares de Saldón y Valdecuenca,ARAGÓN,B,9217.55805719,52630.25737,92175580.5719
974,ES2420137,Los Cuadrejones - Dehesa del Saladar,ARAGÓN,B,54.7670671569,3679.54622895,547670.671569
975,ES2420138,Valdecabriel - Las Tejeras,ARAGÓN,B,11846.3731753,70221.4379695,118463731.753
976,ES2420139,Alto Tajo y Muela de San Juan,ARAGÓN,B,6887.87173402,47253.5428922,68878717.3402
977,ES2420140,Estrechos del Guadalaviar,ARAGÓN,B,2246.56035353,32419.7287915,22465603.5353
978,ES2420141,Tremedales de Orihuela,ARAGÓN,B,12854.9195294,75238.1739619,128549195.294
979,ES2420142,Sabinar de Monterde de Albarracín,ARAGÓN,B,14018.8597311,75459.010285,140188597.311
980,ES2420145,Cueva de Baticambras,ARAGÓN,B,0.527888089099,290.624300011,5278.88089099
981,ES2420146,Cueva de la Solana,ARAGÓN,B,0.0506254500053,90.0004000038,506.254500053
982,ES2420147,Cueva de la Humera,ARAGÓN,B,0.999989500045,399.997900006,9999.89500045
983,ES2420148,Cueva del Recuenco,ARAGÓN,B,0.0466284493785,86.375300003,466.284493785
984,ES2420149,Sima del Polo,ARAGÓN,B,0.0553718753182,94.1250000057,553.718753182
985,ES2430007,Foz de Salvatierra,ARAGÓN,B,530.708756064,11751.1360217,5307087.56064
986,ES2430028,Moncayo,ARAGÓN,B,9937.14263929,65089.5708855,99371426.3929
987,ES2430032,El Planerón,ARAGÓN,B,1139.08535921,24441.5241516,11390853.5921
988,ES2430033,Efesa de la Villa,ARAGÓN,B,1270.18627618,21113.7493279,12701862.7618
989,ES2430034,Puerto de Codos - Encinacorba,ARAGÓN,B,1239.36343928,16554.0205475,12393634.3928
990,ES2430035,Sierra de Santa Cruz - Puerto de Used,ARAGÓN,B,636.721748143,14120.41385,6367217.48143
991,ES2430041,Complejo lagunar de la Salada de Chiprana,ARAGÓN,B,154.825029275,5516.01839773,1548250.29275
992,ES2430043,Laguna de Gallocanta,ARAGÓN,B,2813.46100638,39439.2340957,28134610.0638
993,ES2430047,Sierras de Leyre y Orba,ARAGÓN,B,6908.58028478,75475.7338312,69085802.8478
994,ES2430063,Río Onsella,ARAGÓN,B,442.775500578,46085.8420664,4427755.00578
995,ES2430065,Río Arba de Luesia,ARAGÓN,B,328.65470991,29113.7216922,3286547.0991
996,ES2430066,Río Arba de Biel,ARAGÓN,B,583.756004474,58579.3210519,5837560.04474
997,ES2430077,Bajo Gállego,ARAGÓN,B,1309.12596113,83488.5480891,13091259.6113
998,ES2430078,Montes de Zuera,ARAGÓN,B,17273.4253033,63640.4131542,172734253.033
999,ES2430079,Loma Negra,ARAGÓN,B,7015.23815474,70250.2871422,70152381.5474
1000,ES2430080,El Castellar,ARAGÓN,B,12957.7235188,78742.9394212,129577235.188
1001,ES2430081,Sotos y mejanas del Ebro,ARAGÓN,B,1842.68653506,106212.467917,18426865.3506
1002,ES2430082,Monegros,ARAGÓN,B,35671.1766551,196527.39128,356711766.551
1003,ES2430083,Montes de Alfajarín - Saso de Osera,ARAGÓN,B,11693.1893844,46420.2595715,116931893.844
1004,ES2430085,Laguna de Plantados y Laguna de Agón,ARAGÓN,B,54.1016562136,2732.29534246,541016.562136
1005,ES2430086,Monte Alto y Siete Cabezos,ARAGÓN,B,3728.59733635,31494.1885454,37285973.3635
1006,ES2430087,Maderuela,ARAGÓN,B,690.939671359,11042.4604298,6909396.71359
1007,ES2430088,Barranco de Valdeplata,ARAGÓN,B,1030.36457278,15323.8155605,10303645.7278
1008,ES2430089,Sierra de Nava Alta - Puerto de la Chabola,ARAGÓN,B,9904.9577901,60129.7071571,99049577.901
1009,ES2430090,Dehesa de Rueda y Montolar,ARAGÓN,C,3944.94408621,34883.7461647,39449440.8621
1010,ES2430091,Planas y estepas de la margen derecha del Ebro,ARAGÓN,B,43146.4462523,182284.409058,431464462.523
1011,ES2430094,Meandros del Ebro,ARAGÓN,B,1106.51075408,78127.0757404,11065107.5408
1012,ES2430095,Bajo Martín,ARAGÓN,B,267.555835811,25443.9404018,2675558.35811
1013,ES2430096,"Río Guadalope, Val de Fabara y Val de Pilas",ARAGÓN,B,5643.37061528,61551.029682,56433706.1528
1014,ES2430097,Río Matarranya,ARAGÓN,B,1990.97315989,156713.074058,19909731.5989
1015,ES2430098,Cueva Honda,ARAGÓN,B,0.994381592164,398.875700003,9943.81592164
1016,ES2430100,Hoces del Jalón,ARAGÓN,B,5199.35952834,35341.8851912,51993595.2834
1017,ES2430101,Muelas del Jiloca: El Campo y La Torreta,ARAGÓN,C,9431.15728759,61259.9826665,94311572.8759
1018,ES2430102,Sierra Vicort,ARAGÓN,B,10409.6179603,114896.571935,104096179.603
1019,ES2430103,Sierras de Algairén,ARAGÓN,B,4214.32628746,62559.2180278,42143262.8746
1020,ES2430104,Riberas del Jalón (Bubierca - Ateca),ARAGÓN,B,174.31116625,18828.5608147,1743111.6625
1021,ES2430105,Hoces del río Mesa,ARAGÓN,C,5299.46805945,33738.9930815,52994680.5945
1022,ES2430106,Los Romerales - Cerropozuelo,ARAGÓN,B,7899.38217538,81130.1163253,78993821.7538
1023,ES2430107,Sierras de Pardos y Santa Cruz,ARAGÓN,B,5671.61988122,56089.4732117,56716198.8122
1024,ES2430108,Balsa Grande y Balsa Pequeña,ARAGÓN,B,16.1774540118,1741.86288904,161774.540118
1025,ES2430109,Hoces de Torralba -Río Piedra,ARAGÓN,B,3036.65395136,26818.1343573,30366539.5136
1026,ES2430110,Alto huerva - Sierra de Herrera,ARAGÓN,B,22192.4913802,88396.5026975,221924913.802
1027,ES2430127,Sima del Árbol,ARAGÓN,B,0.0600391675043,98.3255786775,600.391675043
1028,ES2430143,Cueva del Mármol,ARAGÓN,B,0.063590625003,100.875000004,635.90625003
1029,ES2430144,Cueva del Sudor,ARAGÓN,B,0.0302813390633,69.6251000025,302.813390633
1030,ES2430151,Cueva del Muerto,ARAGÓN,B,0.0853657725032,116.875100004,853.657725032
1031,ES2430152,"Galachos de la Alfranca de Pastriz, La Cartuja y El Burgo de Ebro",ARAGÓN,B,804.830426799,18274.3495016,8048304.26799
1032,ES2430153,La Lomaza de Belchite,ARAGÓN,B,1192.92817239,15854.3085553,11929281.7239
1033,ES0000015,Sierra y Cañones de Guara,ARAGÓN,A,81411.9672347,176324.434125,814119672.347
1034,ES0000017,Cuenca de Gallocanta,ARAGÓN,A,15221.4167383,71958.0990926,152214167.383
1035,ES0000136,Estepas de Belchite - El Planerón - La Lomaza,ARAGÓN,A,25001.2591154,102569.36086,250012591.154
1036,ES0000137,Los Valles,ARAGÓN,A,31988.6793077,144002.959093,319886793.077
1037,ES0000138,"Galachos de la Alfranca de Pastriz, La Cartuja y El Burgo de Ebro",ARAGÓN,A,2186.46109971,30646.6517109,21864610.9971
1038,ES0000180,Estepas de Monegrillo y Pina,ARAGÓN,A,24533.4056149,112915.220629,245334056.149
1039,ES0000181,La Retuerta y saladas de Sástago,ARAGÓN,A,36005.2226466,200841.281734,360052226.466
1040,ES0000182,"Valcuerna, Serreta Negra y Liberola",ARAGÓN,A,35337.8750654,255664.552663,353378750.654
1041,ES0000183,"El Basal, Las Menorcas y Llanos de Cardiel",ARAGÓN,A,6987.10639181,85588.7999229,69871063.9181
1042,ES0000277,Collarada - Ibón de Ip,ARAGÓN,A,3456.34566277,34137.5246651,34563456.6277
1043,ES0000278,Viñamala,ARAGÓN,A,25302.3342786,95406.6988432,253023342.786
1044,ES0000279,Alto Cinca,ARAGÓN,A,14708.6976309,80752.6667821,147086976.309
1045,ES0000280,Cotiella - Sierra Ferrera,ARAGÓN,A,25330.8064283,133002.695783,253308064.283
1046,ES0000281,El Turbón y Sierra de Sís,ARAGÓN,A,24394.8715648,112754.045611,243948715.648
1047,ES0000282,Salvatierra - Fozes de Fago  y Biniés,ARAGÓN,A,2589.44134968,49515.62528,25894413.4968
1048,ES0000283,Sierras de Leyre y Orba,ARAGÓN,A,5785.62186353,68667.2339024,57856218.6353
1049,ES0000284,Sotos y carrizales del río Aragón,ARAGÓN,A,1939.41371722,121588.782637,19394137.1722
1050,ES0000285,SanJuan de la Peña y Peña Oroel,ARAGÓN,A,6149.17849506,63124.5676732,61491784.9506
1051,ES0000286,Sierra de Canciás - Silves,ARAGÓN,A,7810.61497337,75219.3374293,78106149.7337
1052,ES0000287,Sierras de Santo Domingo y Caballera y río Onsella,ARAGÓN,A,35746.3234166,251923.856577,357463234.166
1053,ES0000288,Sierra de Mongay,ARAGÓN,A,3222.37964788,28507.2288901,32223796.4788
1054,ES0000289,Lagunas y carrizales de Cinco Villas,ARAGÓN,A,414.776454507,24525.3431257,4147764.54507
1055,ES0000290,La Sotonera,ARAGÓN,A,8797.30864006,44473.6352198,87973086.4006
1056,ES0000291,Serreta de Tramaced,ARAGÓN,A,3463.50114284,46945.7425917,34635011.4284
1057,ES0000292,Loma la Negra - Bardenas,ARAGÓN,A,6442.67923868,68693.803837,64426792.3868
1058,ES0000293,"Montes de Zuera, Castejón de Valdejasa y El Castellar",ARAGÓN,A,25541.9956062,153404.482636,255419956.062
1059,ES0000294,Laguna de Sariñena y Balsa de la Estación,ARAGÓN,A,654.720668194,11245.765089,6547206.68194
1060,ES0000295,Sierra de Alcubierre,ARAGÓN,A,42108.0690576,284705.697073,421080690.576
1061,ES0000296,Embalse del Pas y Santa Rita,ARAGÓN,A,184.947249706,5852.67858652,1849472.49706
1062,ES0000297,Sierra de Moncayo - Los Fayos - Sierra de Armas,ARAGÓN,A,18115.0638556,115256.074435,181150638.556
1063,ES0000298,Matarraña - Aiguabarreix,ARAGÓN,A,36728.5226553,132324.972181,367285226.553
1064,ES0000300,Río Huerva y Las Planas,ARAGÓN,A,30326.4633956,127014.524445,303264633.956
1065,ES0000302,Parameras de Blancas,ARAGÓN,A,4033.00611818,35763.2745141,40330061.1818
1066,ES0000303,Desfiladeros del río Martín,ARAGÓN,A,44785.8710983,214392.695878,447858710.983
1067,ES0000304,Parameras de Campo Visiedo,ARAGÓN,A,17772.3112263,63493.9878267,177723112.263
1068,ES0000305,Parameras de Alfambra,ARAGÓN,A,3271.66158557,44704.3783447,32716615.8557
1069,ES0000306,Río Guadalope - Maestrazgo,ARAGÓN,A,54243.9583962,201077.137407,542439583.962
1070,ES0000307,Puertos de Beceite,ARAGÓN,A,14813.4688114,73952.8425162,148134688.114
1071,ES0000308,Parameras de Pozondón,ARAGÓN,A,2461.05009728,29466.1794871,24610500.9728
1072,ES0000309,Montes Universales - Sierra del Tremedal,ARAGÓN,A,32028.9906249,191602.726777,320289906.249
1073,ES0000299,Desfiladeros del río Jalón,ARAGÓN,A,22679.2034516,92465.9737894,226792034.516
1074,ES0000539,Montes de Alfajarín y Saso de Osera,ARAGÓN,A,11837.3646368,58941.2388799,118373646.368
1075,ES0000553,Hoces de Río Piedra,ARAGÓN,A,3100.36507052,31962.6263151,31003650.7052
1076,ES5130036,Plans de Sió,CATALUÑA,B,5242.06456953,86220.7546126,52420645.6953
1077,ES5130037,Secans de Belianes-Preixana,CATALUÑA,B,1930.91423216,25014.9858188,19309142.3216
1078,ES5130038,Secans del Segrià i Utxesa,CATALUÑA,B,3802.06461117,111508.875409,38020646.1117
1079,ES5130034,Riu Garona,CATALUÑA,B,213.078605862,62228.8843249,2130786.05862
1080,ES5110021,Riera de la Goda,CATALUÑA,B,38.1282201222,15257.9839313,381282.201222
1081,ES5140001,Litoral meridional tarragoní,CATALUÑA,B,4913.24131944,78040.7016904,49132413.1944
1082,ES5110016,Riera de Sorreigs,CATALUÑA,B,287.913537379,11237.5541029,2879135.37379
1083,ES5110017,Costes del Maresme,CATALUÑA,B,2921.31540929,27532.9213837,29213154.0929
1084,ES5140004,Sèquia Major,CATALUÑA,B,54.7716741422,6651.9875551,547716.741422
1085,ES5110011,Serres del Litoral Septentrional,CATALUÑA,B,22274.8649239,360067.150557,222748649.239
1086,ES5110014,Serra de Castelltallat,CATALUÑA,B,4978.29470357,59917.6117274,49782947.0357
1087,ES5110019,Carbassí,CATALUÑA,B,243.509632341,13097.2957003,2435096.32341
1088,ES5140007,Costes del Tarragonès,CATALUÑA,B,1114.80423457,30850.2309602,11148042.3457
1089,ES5130002,Riu Verneda,CATALUÑA,B,75.7227973356,19619.8495729,757227.973356
1090,ES5120003,Serra Cavallera,CATALUÑA,B,6213.80417842,67169.8846152,62138041.7842
1091,ES5120004,Zona Volcànica de la Garrotxa,CATALUÑA,B,15354.562441,174932.994342,153545624.41
1092,ES5120005,Riu Llobregat d'Empordà,CATALUÑA,B,339.193292649,59293.2055335,3391932.92649
1093,ES5130006,Estanho de Vielha,CATALUÑA,B,28.9267819419,2727.04364558,289267.819419
1094,ES5130007,Riberes de l'Alt Segre,CATALUÑA,B,217.413259158,46477.3292971,2174132.59158
1095,ES5110023,Riera de Clariana,CATALUÑA,B,464.689514771,20138.7327797,4646895.14771
1096,ES5120008,Estany de Banyoles,CATALUÑA,B,1069.90837903,18429.2309416,10699083.7903
1097,ES5110024,Serra de Collserola,CATALUÑA,B,8191.56473428,186459.894897,81915647.3428
1098,ES5120009,Basses de l'Albera,CATALUÑA,B,764.000580573,29814.1509654,7640005.80573
1099,ES5110025,Riu Congost,CATALUÑA,B,358.398503343,70710.3930843,3583985.03343
1100,ES5140010,Riberes i Illes de l'Ebre,CATALUÑA,B,487.891260048,49628.6207254,4878912.60048
1101,ES5130016,Valls del Sió-Llobregós,CATALUÑA,B,26646.8652254,322125.869326,266468652.254
1102,ES5130011,Riu de la Llosa,CATALUÑA,B,84.4077819803,35967.2979963,844077.819803
1103,ES5120020,Riu Llémena,CATALUÑA,B,195.050532407,64501.8514025,1950505.32407
1104,ES5130019,Estany de Montcortès,CATALUÑA,B,45.1034573898,3132.59878613,451034.573898
1105,ES5120010,Les Gavarres,CATALUÑA,B,28868.3749521,163835.951096,288683749.521
1106,ES5120011,Riberes del Baix Ter,CATALUÑA,B,1224.94041409,149557.393889,12249404.1409
1107,ES5120018,Muntanyes de Rocacorba-Puig de la Banya del Boc,CATALUÑA,B,3444.7676519,82854.504862,34447676.519
1108,ES5140020,Grapissar de Masia Blanca,CATALUÑA,B,446.483222715,8467.41966091,4464832.22715
1109,ES5120019,Riberes de l'Alt Ter,CATALUÑA,B,411.742549389,81398.8280766,4117425.49389
1110,ES5140022,Barranc de Santes Creus,CATALUÑA,B,48.9361402923,19937.8161434,489361.402923
1111,ES5130030,Estanys de Basturs,CATALUÑA,B,37.0549425524,2859.33287322,370549.425524
1112,ES5130025,Bellmunt-Almenara,CATALUÑA,B,3473.72128994,77264.3404923,34737212.8994
1113,ES5110007,Riu i Estanys de Tordera,CATALUÑA,B,340.216067037,67747.5113836,3402160.67037
1114,ES5130027,Obagues de la riera de Madrona,CATALUÑA,B,3593.86326177,45628.1840013,35938632.6177
1115,ES5130020,Aiguabarreig Segre-Noguera Ribagorçana,CATALUÑA,B,339.585339971,69567.3408455,3395853.39971
1116,ES5130022,La Torrassa,CATALUÑA,B,59.7147078975,4834.63885996,597147.078975
1117,ES5130028,Ribera Salada,CATALUÑA,B,5536.42268003,91954.9385333,55364226.8003
1118,ES5130029,Serres de Queralt i Els Tossals-Aigua d'Ora,CATALUÑA,B,8712.3776248,87807.1099436,87123776.248
1119,ES5120028,Vall del Rigart,CATALUÑA,B,211.159059208,28012.3558053,2111590.59208
1120,ES5120021,Riu Fluvià,CATALUÑA,B,1265.70494222,257270.548054,12657049.4222
1121,ES5120022,Riu Duran,CATALUÑA,B,103.102347059,18423.8890838,1031023.47059
1122,ES5120023,Rieres de Xuclà i Riudelleques,CATALUÑA,B,51.5798156465,20650.0748199,515798.156465
1123,ES5120029,Riu Brugent,CATALUÑA,B,68.7376269058,27670.1117876,687376.269058
1124,ES5130040,Secans de Mas de Melons-Alfés,CATALUÑA,B,6429.3143518,59702.0907517,64293143.518
1125,ES5130035,Plans de la Unilla,CATALUÑA,C,978.188933454,15482.671164,9781889.33454
1126,ES5130032,Vessants de la Noguera Ribagorçana,CATALUÑA,C,6535.47150191,80513.0002752,65354715.0191
1127,ES5110020,Costes del Garraf,CATALUÑA,C,26575.1272145,89937.1368593,265751272.145
1128,ES5130039,Vall de Vinaixa,CATALUÑA,C,3030.37387775,35790.419695,30303738.7775
1129,ES5110015,Sistema Prelitoral Central,CATALUÑA,C,19706.5252841,231997.10781,197065252.841
1130,ES5140002,Serra de Godall,CATALUÑA,C,1784.21336286,40983.0473156,17842133.6286
1131,ES5140003,Ribera de l'Algars,CATALUÑA,C,2129.48003947,77608.8205535,21294800.3947
1132,ES5110018,Valls de l'Anoia,CATALUÑA,C,4112.1165656,73454.3622406,41121165.656
1133,ES0000476,Valls del Sió-Llobregós,CATALUÑA,A,26873.8520728,318555.67753,268738520.728
1134,ES0000020,Delta de l'Ebre,CATALUÑA,C,48611.5799625,202410.028551,486115799.625
1135,ES0000477,Bellmunt-Almenara,CATALUÑA,A,4053.31422715,68884.3648937,40533142.2715
1136,ES0000021,Secans de Mas de Melons-Alfés,CATALUÑA,A,7616.53227034,69059.9762603,76165322.7034
1137,ES5110012,Montserrat-Roques Blanques-riu Llobregat,CATALUÑA,C,7290.71300617,118764.795593,72907130.0617
1138,ES5110013,Serres del Litoral central,CATALUÑA,C,25146.9634777,342110.881557,251469634.777
1139,ES5140009,Tivissa-Vandellòs-Llaberia,CATALUÑA,C,24573.679839,195359.858766,245736798.39
1140,ES5140005,Serra de Montsià,CATALUÑA,C,5302.35672316,118108.024138,53023567.2316
1141,ES0000018,Prepirineu Central català,CATALUÑA,C,57268.5470518,367661.486416,572685470.518
1142,ES5140006,Serres de Cardó-El Boix,CATALUÑA,C,16163.7084768,120750.999417,161637084.768
1143,ES0000019,Aiguamolls de l'Alt Empordà,CATALUÑA,C,10896.2623551,95672.4611618,108962623.551
1144,ES5140008,Muntanyes de Prades,CATALUÑA,C,30792.2678078,203165.530024,307922678.078
1145,ES0000321,Anglesola-Vilagrassa,CATALUÑA,A,1136.02856642,22391.4067966,11360285.6642
1146,ES0000322,Granyena,CATALUÑA,A,6635.37086701,62651.5548405,66353708.6701
1147,ES5130003,Alt Pallars,CATALUÑA,C,77370.3183066,743414.506467,773703183.066
1148,ES5130004,Baish Aran,CATALUÑA,C,12463.7766257,113410.495622,124637766.257
1149,ES5130005,Era Artiga de Lin-Eth Portilhon,CATALUÑA,C,7057.82040719,60107.17809,70578204.0719
1150,ES0000480,Secans del Segrià i Utxesa,CATALUÑA,A,7718.15352257,136808.787407,77181535.2257
1151,ES5120001,Alta Garrotxa-Massís de les Salines,CATALUÑA,C,38380.7781258,274699.911056,383807781.258
1152,ES5130001,Els Bessons,CATALUÑA,C,425.590633169,29710.1610418,4255906.33169
1153,ES5120002,Capçaleres del Ter i del Freser,CATALUÑA,C,14798.6775955,155761.566071,147986775.955
1154,ES5110022,Capçaleres del Foix,CATALUÑA,C,2183.77907998,51718.2177923,21837790.7998
1155,ES5120007,Cap de Creus,CATALUÑA,C,13923.905232,110126.300114,139239052.32
1156,ES5130008,Serra d'Aubenç i Roc de Cogul,CATALUÑA,C,6796.52485308,74433.3948121,67965248.5308
1157,ES5140012,Tossals d'Almatret i Riba-roja,CATALUÑA,C,7479.71671072,75416.2814368,74797167.1072
1158,ES5130009,Serra de Turp i Mora Condal-Valldan,CATALUÑA,C,3719.21414847,38894.9803537,37192141.4847
1159,ES5140014,Massís de Bonastre,CATALUÑA,C,2688.49717203,45178.6271216,26884971.7203
1160,ES5140015,Riu Siurana i planes del Priorat,CATALUÑA,C,2884.00535343,101437.967244,28840053.5343
1161,ES5140011,Sistema Prelitoral meridional,CATALUÑA,C,51724.8004776,372888.601701,517248004.776
1162,ES0000478,Plans de Sió,CATALUÑA,A,10387.0062056,118930.255816,103870062.056
1163,ES0000479,Secans de Belianes-Preixana,CATALUÑA,A,6519.21684536,59778.7653123,65192168.4536
1164,ES5140016,Tossal de Montagut,CATALUÑA,C,1292.08777037,26415.4108721,12920877.7037
1165,ES5130013,Aiguabarreig Segre-Cinca,CATALUÑA,C,761.62261142,74272.7827269,7616226.1142
1166,ES5140017,Serra de Montsant-Pas de l'Ase,CATALUÑA,C,19562.1648,149338.817312,195621648.0
1167,ES5130014,Aiguabarreig Segre-Noguera Pallaresa,CATALUÑA,C,10119.1901187,185559.031425,101191901.187
1168,ES5130015,"Serres del Montsec, Sant Mamet i Mitjana",CATALUÑA,C,32480.9998708,289501.492767,324809998.708
1169,ES5140018,El Montmell-Marmellar,CATALUÑA,C,9362.37834914,121664.013131,93623783.4914
1170,ES5140019,Riu Gaià,CATALUÑA,C,2998.60843892,82901.0257489,29986084.3892
1171,ES5130010,Serra de Boumort-Collegats,CATALUÑA,C,18455.188005,146572.024771,184551880.05
1172,ES5130012,Vall Alta de Serradell-Serra de Sant Gervàs,CATALUÑA,C,12942.1391587,155897.858245,129421391.587
1173,ES5130017,Basses de Sucs i Alcarràs,CATALUÑA,C,21.2131824519,3380.60560893,212131.824519
1174,ES5130018,Estany d'Ivars-Vilasana,CATALUÑA,C,156.888765622,6616.46190016,1568887.65622
1175,ES5120014,L'Albera,CATALUÑA,C,16413.1687812,151233.805228,164131687.812
1176,ES5120015,Litoral del Baix Empordà,CATALUÑA,C,3412.1392276,86213.5198503,34121392.276
1177,ES5120016,El Montgrí-Les Medes-El Baix Ter,CATALUÑA,C,6505.2736228,78223.5314439,65052736.228
1178,ES5120017,Estany de Sils-Riera de Santa Coloma,CATALUÑA,C,454.752710323,55097.6531184,4547527.10323
1179,ES5120012,Les Guilleries,CATALUÑA,C,12467.0938706,125076.952126,124670938.706
1180,ES5120013,Massís de les Cadiretes,CATALUÑA,C,9252.08357178,146393.808424,92520835.7178
1181,ES5140023,Secans del Montsià,CATALUÑA,C,2117.936978,49735.6964766,21179369.78
1182,ES5110010,Sant Llorenç del Munt i l'Obac,CATALUÑA,C,16149.655693,118466.024862,161496556.93
1183,ES5140021,Obagues del riu Corb,CATALUÑA,C,2276.03345461,46717.783154,22760334.5461
1184,ES5110004,Serra de Catllaràs,CATALUÑA,C,6154.4925383,73740.5025172,61544925.383
1185,ES5110005,Sistema Transversal català,CATALUÑA,C,28691.2136079,347378.237976,286912136.079
1186,ES5130024,La Faiada de Malpàs i Cambatiri,CATALUÑA,C,1282.73694079,22751.862784,12827369.4079
1187,ES5130026,Serra de Prada-Castellàs,CATALUÑA,C,3745.81400713,52773.4440769,37458140.0713
1188,ES5130021,Secans de la Noguera,CATALUÑA,C,8941.02612994,109125.532929,89410261.2994
1189,ES5130023,Beneïdor,CATALUÑA,C,417.633281061,12503.8495218,4176332.81061
1190,ES5110009,Riera de Merlès,CATALUÑA,C,3025.29763528,78680.0866498,30252976.3528
1191,ES5120025,Garriga d'Empordà,CATALUÑA,C,550.924587173,15159.0082678,5509245.87173
1192,ES5120026,Tossa Plana de Lles-Puigpedrós,CATALUÑA,C,13349.9927732,121946.869525,133499927.732
1193,ES5120027,Rasos de Tubau,CATALUÑA,C,647.190384128,14805.2229977,6471903.84128
1194,ES5120024,Montgrony,CATALUÑA,C,3819.71641203,33409.4320047,38197164.1203
1195,ES5110008,Gallifa-Cingles de Bertí,CATALUÑA,C,7219.31346275,106447.449751,72193134.6275
1196,ES5110001,El Montseny,CATALUÑA,B,31158.3449798,173235.339235,311583449.798
1197,ES0000022,Aigüestortes,CATALUÑA,C,56137.2634132,343825.82421,561372634.132
1198,ES0000146,Delta del Llobregat,CATALUÑA,A,2403.99845489,90140.8323773,24039984.5489
1199,ES5110027,Aiguamolls del Delta del Llobregat,CATALUÑA,B,1563.31633964,80645.0549942,15633163.3964
1200,ES0000214,Espacio marino de Tabarca,DGBBD,C,14261.5989553,81045.1092751,142615989.553
1201,ES0000447,Espacio marino de Orpesa y Benicàssim,DGBBD,C,1317.81117559,24293.732704,13178111.7559
1202,ES5212005,L'Almadrava,DGBBD,C,2239.43976796,25375.209415,22394397.6796
1203,ES5222007,Alguers de Borriana-Nules-Moncofa,DGBBD,B,4081.90715843,34991.9354818,40819071.5843
1204,ES5310108,Área marina del cap Martinet,DGBBD,B,554.904376613,14468.7370338,5549043.76613
1205,ES6110009,Fondos Marinos de Punta Entinas-Sabinar,DGBBD,B,3959.15443621,35978.0995246,39591544.3621
1206,ES6110010,Fondos Marinos Levante Almeriense,DGBBD,B,10692.2236551,114740.16157,106922236.551
1207,ES6110019,Arrecifes de Roquetas de Mar,DGBBD,B,208.222652646,7381.33941107,2082226.52646
1208,ES6120032,Estrecho Oriental,DGBBD,B,23642.1565931,71983.0514566,236421565.931
1209,ES6200048,Valles submarinos del Escarpe de Mazarrón,DGBBD,B,154081.655068,231764.158947,1540816550.68
1210,ESZZ12001,Banco de Galicia,DGBBD,B,1035191.88442,401345.175746,10351918844.2
1211,ESZZ12002,Volcanes de fango del Golfo de Cádiz,DGBBD,B,318599.781594,256465.077098,3185997815.94
1212,ESZZ12003,Sistema de cañones submarinos de Avilés,DGBBD,B,339025.625067,245145.270772,3390256250.67
1213,ESZZ16001,Sistema de cañones submarinos occidentales del Golfo de León,DGBBD,B,94405.2239882,142754.449884,944052239.882
1214,ESZZ16002,Canal de Menorca,DGBBD,B,337980.554032,397213.925182,3379805540.32
1215,ESZZ16003,Sur de Almería - Seco de los Olivos,DGBBD,B,282924.541018,312994.281165,2829245410.18
1216,ESZZ16004,Espacio marino de Illes Columbretes,DGBBD,B,1278.61809949,28390.6205842,12786180.9949
1217,ESZZ16006,Espacio marino de Ifac,DGBBD,B,922.969553439,28212.6843797,9229695.53439
1218,ESZZ16008,Espacio marino del Cabo de les Hortes,DGBBD,B,4253.25609666,45255.1147538,42532560.9666
1219,ESZZ16009,Espacio marino de Cabo Roig,DGBBD,C,4686.49595258,73199.7283139,46864959.5258
1220,ESZZ16010,Espacio marino del entorno de Illes Columbretes,DGBBD,C,12286.7199727,51939.795753,122867199.727
1221,ES6170036,Fondos Marinos de La Bahía de Estepona,DGBBD,B,575.1557064,9406.91843431,5751557.064
1222,ES6170037,El Saladillo - Punta de Baños,DGBBD,B,3246.55604923,24406.8846924,32465560.4923
1223,ES0000538,ZEPA Espacio marino de Ifac,DGBBD,A,933.34241419,29878.6768101,9333424.1419
1224,ES0000500,Golfo de Cádiz,DGBBD,A,231916.910674,215965.651879,2319169106.74
1225,ES0000501,Espacio marino del Tinto y del Odiel,DGBBD,A,4945.1683342,45671.7135843,49451683.342
1226,ES0000510,Plataforma-talud marinos del Cabo de la Nao,DGBBD,A,268275.210828,318101.978192,2682752108.28
1227,ES0000512,Espacio marino del Delta de l'Ebre-Illes Columbretes,DGBBD,A,903213.566072,555725.43983,9032135660.72
1228,ES0000521,Espacio marino del norte y oeste de Menorca,DGBBD,A,162710.261267,307084.185632,1627102612.67
1229,ES0000520,Espacio marino del norte de Mallorca,DGBBD,A,99071.8433326,408069.434593,990718433.326
1230,ES0000519,Espacio marino del poniente de Mallorca,DGBBD,A,47165.9893063,165009.426233,471659893.063
1231,ES0000518,Espacio marino del sur de Mallorca y Cabrera,DGBBD,A,40240.1569827,203454.874616,402401569.827
1232,ES0000517,Espacio marino del levante de Ibiza,DGBBD,A,19226.9177834,114961.34982,192269177.834
1233,ES0000515,Espacio marino de Formentera y del sur de Ibiza,DGBBD,A,46574.3367952,216960.988024,465743367.952
1234,ES0000516,Espacio marino del poniente y norte de Ibiza,DGBBD,A,47298.4256501,243650.68339,472984256.501
1235,ES0000522,Espacio marino del sureste de Menorca,DGBBD,A,23777.6123929,124697.038081,237776123.929
1236,ES0000506,Bahía de Almería,DGBBD,A,126781.670073,198747.374507,1267816700.73
1237,ES0000490,Espacio marino de la Ría de Mundaka-Cabo de Ogoño,DGBBD,A,17541.9757831,102426.47657,175419757.831
1238,ES0000492,Espacio marino de los Islotes de Portios-Isla Conejera-Isla de Mouro,DGBBD,A,1513.41515377,44971.7488868,15134151.5377
1239,ES0000504,Bahía de Málaga-Cerro Gordo,DGBBD,A,60984.9833555,143466.765714,609849833.555
1240,ES0000507,Espacio marino de los Islotes Litorales de Murcia y Almería,DGBBD,A,12335.002314,82746.399175,123350023.14
1241,ES0000508,Espacio marino de Tabarca-Cabo de Palos,DGBBD,A,126067.892108,220016.284962,1260678921.08
1242,ES0000514,Espacio marino de l'Empordà,DGBBD,A,86011.8323902,212345.242943,860118323.902
1243,ES0000498,ZEPA Banco de Galicia,DGBBD,A,880721.272344,364349.510245,8807212723.44
1244,ES90ATL01,El Cachucho,DGBBD,B,261664.457268,217067.170525,2616644572.68
1245,ES0000505,Espacio marino de la Isla de Alborán,DGBBD,A,66107.0647426,110820.728515,661070647.426
1246,ESZZ16005,Espacio marino de Alborán,DGBBD,B,37251.111485,107273.048216,372511114.85
1247,ESZZ16007,Espacio marino de la Marina Alta,DGBBD,C,2347.19021379,50919.3710829,23471902.1379
1248,ES0000513,Espacio marino del Baix Llobregat-Garraf,DGBBD,A,38873.1037243,126228.853104,388731037.243
1249,ESZZ12004,Estrecho Occidental,DGBBD,C,200824.92453,300061.274098,2008249245.3
1250,ESZZ16011,Espacio marino Cañones de Alicante,DGBBD,B,475172.627426,298720.506941,4751726274.26
1251,ESZZ12005,Espacio Marino Jaizkibel-Capbretón,DGBBD,B,152535.870938,184329.648317,1525358709.38
1252,ESZZ16012,Canal de Ibiza,DGBBD,B,540351.396238,338187.59003,5403513962.38
1253,ES0000554,Corredor migratorio galaico-cantábrico occidental,DGBBD,A,1409179.5579,2012484.29166,14091795579.0
1254,ES4120091,Sabinares del Arlanza,CASTILLA Y LEÓN,B,37689.5465645,120073.733142,376895465.645
1255,ES4190060,Tejedelo,CASTILLA Y LEÓN,B,136.076006721,4877.61610613,1360760.06721
1256,ES4190061,Quejigares de la Tierra del Vino,CASTILLA Y LEÓN,B,366.346587472,9108.84072063,3663465.87472
1257,ES4190133,Campo Alto de Aliste,CASTILLA Y LEÓN,B,2278.77081392,26122.7365687,22787708.1392
1258,ES4190134,Lagunas de Tera y Vidriales,CASTILLA Y LEÓN,B,2291.45255236,43717.7441573,22914525.5236
1259,ES4190110,Sierra de la Cabrera,CASTILLA Y LEÓN,B,18783.5810464,136697.327633,187835810.464
1260,ES4190146,Lagunas y pastizales salinos de Villafáfila,CASTILLA Y LEÓN,B,4207.90143411,141779.224907,42079014.3411
1261,ES4190033,Sierra de la Culebra,CASTILLA Y LEÓN,B,61314.0292214,252054.926472,613140292.214
1262,ES4190102,Cañones del Duero,CASTILLA Y LEÓN,B,13514.156242,92622.8222662,135141562.42
1263,ES4190105,Lago de Sanabria y alrededores,CASTILLA Y LEÓN,B,32508.7447472,117543.822933,325087447.472
1264,ES4190131,Riberas del Río Tuela y afluentes,CASTILLA Y LEÓN,B,497.620994217,176560.915766,4976209.94217
1265,ES4130079,Riberas del Río Esla y afluentes,CASTILLA Y LEÓN,B,1946.67357777,300826.432685,19466735.7777
1266,ES4190132,Riberas del Río Manzanas y afluentes,CASTILLA Y LEÓN,B,422.984056199,187732.671248,4229840.56199
1267,ES4190074,Riberas del Río Aliste y afluentes,CASTILLA Y LEÓN,B,1748.8458102,254053.242596,17488458.102
1268,ES4180130,El Carrascal,CASTILLA Y LEÓN,B,5420.4190175,106951.059029,54204190.175
1269,ES4140053,Montes del Cerrato,CASTILLA Y LEÓN,B,12161.6280306,450243.955895,121616280.306
1270,ES4140129,Montes Torozos y Páramos de Torquemada-Astudillo,CASTILLA Y LEÓN,B,22999.9324315,425721.743651,229999324.315
1271,ES4180124,Salgüeros de Aldeamayor,CASTILLA Y LEÓN,B,1181.56872019,16378.7014502,11815687.2019
1272,ES4180147,Humedales de Los Arenales,CASTILLA Y LEÓN,B,3286.47902438,616699.516865,32864790.2438
1273,ES4140082,Riberas del Río Pisuerga y afluentes,CASTILLA Y LEÓN,B,2277.95276489,492528.913408,22779527.6489
1274,ES4160084,Riberas del Río Duratón,CASTILLA Y LEÓN,B,310.115297832,80893.7863972,3101152.97832
1275,ES4180069,Riberas del Río Cea,CASTILLA Y LEÓN,B,876.851834633,193810.56295,8768518.34633
1276,ES4180070,Riberas del Río Cega,CASTILLA Y LEÓN,B,536.28055714,160237.513677,5362805.5714
1277,ES4150096,Arribes del Duero,CASTILLA Y LEÓN,B,106178.287221,408558.350955,1061782872.21
1278,ES4130065,Riberas del Río Órbigo y afluentes,CASTILLA Y LEÓN,B,1269.64523073,270862.685006,12696452.3073
1279,ES4180081,Riberas del Río Adaja y afluentes,CASTILLA Y LEÓN,B,1524.891566,386478.57303,15248915.66
1280,ES4170083,Riberas del Río Duero y afluentes,CASTILLA Y LEÓN,B,6266.2209561,1144717.54532,62662209.561
1281,ES4170148,Altos de Barahona,CASTILLA Y LEÓN,B,43988.3070271,190518.872715,439883070.271
1282,ES4160019,Sierra de Ayllón,CASTILLA Y LEÓN,B,14348.9580131,152356.912954,143489580.131
1283,ES4170144,Riberas del Río Cidacos y afluentes,CASTILLA Y LEÓN,B,195.936029646,69561.1432975,1959360.29646
1284,ES4170140,Robledales del Berrún,CASTILLA Y LEÓN,B,492.362818748,15933.268818,4923628.18748
1285,ES4170142,Encinares de Tiermes,CASTILLA Y LEÓN,B,1149.07996868,23400.363774,11490799.6868
1286,ES4170141,Pinar de Losana,CASTILLA Y LEÓN,B,800.527725257,20397.3990688,8005277.25257
1287,ES4170143,Encinares de Sierra del Costanazo,CASTILLA Y LEÓN,B,2064.36927113,37647.3372503,20643692.7113
1288,ES4170139,Quejigares de Gómara-Nájima,CASTILLA Y LEÓN,B,6208.27255966,118992.071933,62082725.5966
1289,ES4170135,Cañón del Río Lobos,CASTILLA Y LEÓN,B,12212.7716965,90722.2971208,122127716.965
1290,ES4170116,Sierras de Urbión y Cebollera,CASTILLA Y LEÓN,B,43005.2237931,274372.738233,430052237.931
1291,ES4170056,Sabinares de Ciria-Borobia,CASTILLA Y LEÓN,B,2788.2622265,53002.986524,27882622.265
1292,ES4170138,Quejigares y encinares de Sierra del Madero,CASTILLA Y LEÓN,B,3830.26474102,68787.0887972,38302647.4102
1293,ES4170119,Sierra del Moncayo,CASTILLA Y LEÓN,B,7046.40204264,77664.2101511,70464020.4264
1294,ES4170055,Cigudosa-San Felices,CASTILLA Y LEÓN,B,6752.2809112,76945.5696671,67522809.112
1295,ES4170057,Sabinares del Jalón,CASTILLA Y LEÓN,B,19052.3372528,80425.1717268,190523372.528
1296,ES4170054,Oncala-Valtajeros,CASTILLA Y LEÓN,B,7379.32158882,66188.6465636,73793215.8882
1297,ES4110097,Campo Azálvaro - Pinares de Peguerinos,CASTILLA Y LEÓN,B,25941.7313796,126436.123904,259417313.796
1298,ES4160058,Sabinares de Somosierra,CASTILLA Y LEÓN,B,2155.41613395,44148.4380994,21554161.3395
1299,ES4110103,Encinares de los ríos Adaja y Voltoya,CASTILLA Y LEÓN,B,23059.1609938,129463.22966,230591609.938
1300,ES4160106,Lagunas de Cantalejo,CASTILLA Y LEÓN,B,10769.4969725,84691.0044293,107694969.725
1301,ES4160122,Sierra de Pradales,CASTILLA Y LEÓN,B,1333.46469304,24369.5923789,13334646.9304
1302,ES4150032,El Rebollar,CASTILLA Y LEÓN,B,49669.9414904,233468.078133,496699414.904
1303,ES4150101,Candelario,CASTILLA Y LEÓN,B,8165.90977125,55175.7703662,81659097.7125
1304,ES4150126,Valle del Cuerpo de Hombre,CASTILLA Y LEÓN,B,6508.7297944,75320.6668613,65087297.944
1305,ES4150107,Las Batuecas-Sierra de Francia,CASTILLA Y LEÓN,B,31786.3300894,133289.747752,317863300.894
1306,ES4150100,Campo de Azaba,CASTILLA Y LEÓN,B,36158.6103991,93107.7101257,361586103.991
1307,ES4150108,Quilamas,CASTILLA Y LEÓN,B,10547.7767908,70728.0479862,105477767.908
1308,ES4150098,Campo de Argañán,CASTILLA Y LEÓN,B,9304.27040284,101120.486234,93042704.0284
1309,ES4150085,Riberas del Río Tormes y afluentes,CASTILLA Y LEÓN,B,1876.22803344,335097.80701,18762280.3344
1310,ES4150125,Riberas del Río Agadón,CASTILLA Y LEÓN,B,111.640933953,34669.6923104,1116409.33953
1311,ES4150121,Riberas del Río Alagón y afluentes,CASTILLA Y LEÓN,B,1840.05088751,104015.481441,18400508.8751
1312,ES4150064,"Riberas de los Ríos Huebra, Yeltes, Uces y afluentes",CASTILLA Y LEÓN,B,5244.55438047,573355.297691,52445543.8047
1313,ES4120072,Riberas del Río Arlanzón y afluentes,CASTILLA Y LEÓN,B,1118.51091182,335398.3266,11185109.1182
1314,ES4140136,Laguna de La Nava,CASTILLA Y LEÓN,B,1016.99458887,16178.8240538,10169945.8887
1315,ES4140080,Canal de Castilla,CASTILLA Y LEÓN,B,149.756980391,51500.8187616,1497569.80391
1316,ES4140026,Las Tuerces,CASTILLA Y LEÓN,B,1599.17199206,28931.7220929,15991719.9206
1317,ES4140027,Covalagua,CASTILLA Y LEÓN,B,2381.81270196,23817.5613026,23818127.0196
1318,ES4120071,Riberas del Río Arlanza y afluentes,CASTILLA Y LEÓN,B,1215.78629004,312302.826735,12157862.9004
1319,ES4140077,Riberas del Río Carrión y afluentes,CASTILLA Y LEÓN,B,926.246343579,328469.620202,9262463.43579
1320,ES4130149,Omaña,CASTILLA Y LEÓN,B,20054.9762847,86879.9386744,200549762.847
1321,ES4130037,Hoces de Vegacervera,CASTILLA Y LEÓN,B,5343.02873704,42620.2894255,53430287.3704
1322,ES4130076,Riberas del Río Sil y afluentes,CASTILLA Y LEÓN,B,361.102603512,83771.7532394,3611026.03512
1323,ES4130050,Montaña Central de León,CASTILLA Y LEÓN,B,34608.332023,184771.633865,346083320.23
1324,ES4130038,Sierra de la Encina de la Lastra,CASTILLA Y LEÓN,B,288.451536751,12133.7849349,2884515.36751
1325,ES4130117,Montes Aquilanos y Sierra de Teleno,CASTILLA Y LEÓN,B,31788.778298,204987.194847,317887782.98
1326,ES4130137,Rebollares del Cea,CASTILLA Y LEÓN,B,13280.4124492,212005.242472,132804124.492
1327,ES4120095,Montes de Miranda de Ebro y Ameyugo,CASTILLA Y LEÓN,B,3641.34037394,75900.83478,36413403.7394
1328,ES4120049,Bosques del Valle de Mena,CASTILLA Y LEÓN,B,6480.5983545,203842.972517,64805983.545
1329,ES4120094,Sierra de la Tesla-Valdivielso,CASTILLA Y LEÓN,B,25424.4671732,105681.400125,254244671.732
1330,ES4120025,Ojo Guareña,CASTILLA Y LEÓN,B,13010.1626455,50658.3409176,130101626.455
1331,ES4120068,Riberas del Río Riaza,CASTILLA Y LEÓN,B,94.2749906275,29521.252681,942749.906275
1332,ES4120075,Riberas del Río Tirón y afluentes,CASTILLA Y LEÓN,B,456.775202465,152909.710292,4567752.02465
1333,ES4120073,Riberas del Río Oca y afluentes,CASTILLA Y LEÓN,B,568.541439126,184891.548908,5685414.39126
1334,ES4120088,Montes de Valnera,CASTILLA Y LEÓN,B,2228.81583376,38009.2265379,22288158.3376
1335,ES4120090,Embalse del Ebro - Monte Hijedo,CASTILLA Y LEÓN,B,7300.50183029,70156.7322464,73005018.3029
1336,ES4120059,Riberas del Río Ebro y afluentes,CASTILLA Y LEÓN,B,194.005014685,60803.1142616,1940050.14685
1337,ES4120052,Riberas del Ayuda,CASTILLA Y LEÓN,B,507.485426757,185998.679876,5074854.26757
1338,ES4120066,Riberas del Río Nela y afluentes,CASTILLA Y LEÓN,B,763.523323324,158685.754897,7635233.23324
1339,ES4120051,Riberas del Zadorra,CASTILLA Y LEÓN,B,175.622629007,62474.3038109,1756226.29007
1340,ES4110020,Pinar de Hoyocasero,CASTILLA Y LEÓN,B,367.555839903,10945.0734263,3675558.39903
1341,ES4110034,Sierra de la Paramera y Serrota,CASTILLA Y LEÓN,B,22586.8169875,159338.273712,225868169.875
1342,ES4110112,Encinares de la Sierra de Ávila,CASTILLA Y LEÓN,B,13370.6610369,91363.2870611,133706610.369
1343,ES4110078,Riberas del Río Alberche y afluentes,CASTILLA Y LEÓN,B,710.117473023,204237.06275,7101174.73023
1344,ES4110113,Cerro de Guisando,CASTILLA Y LEÓN,B,3458.02311961,36874.6182563,34580231.1961
1345,ES4110114,Pinares del Bajo Alberche,CASTILLA Y LEÓN,B,49853.711061,141010.189814,498537110.61
1346,ES4110115,Valle del Tiétar,CASTILLA Y LEÓN,B,63308.2298042,288530.209159,633082298.042
1347,ES4130035,Valle de San Emiliano,CASTILLA Y LEÓN,C,55892.3608739,145570.693783,558923608.739
1348,ES0000003,Picos de Europa,CASTILLA Y LEÓN,C,23777.5394342,79079.1296731,237775394.342
1349,ES4110002,Sierra de Gredos,CASTILLA Y LEÓN,C,86944.4618576,235154.498642,869444618.576
1350,ES0000205,Lagunas del Canal de Castilla,CASTILLA Y LEÓN,C,82.0347487039,23949.8524807,820347.487039
1351,ES4120028,Monte Santiago,CASTILLA Y LEÓN,C,2646.45376951,36652.3410518,26464537.6951
1352,ES4120030,Montes Obarenes,CASTILLA Y LEÓN,C,43073.5947225,163400.557612,430735947.225
1353,ES4130003,Picos de Europa en Castilla y León,CASTILLA Y LEÓN,C,101219.464011,196488.585025,1012194640.11
1354,ES4180017,Riberas de Castronuño,CASTILLA Y LEÓN,C,8597.1918227,68134.2451598,85971918.227
1355,ES0000116,Valle de Iruelas,CASTILLA Y LEÓN,C,8603.9047672,57422.8283144,86039047.672
1356,ES4140011,Fuentes Carrionas y Fuente Cobre-Montaña Palentina,CASTILLA Y LEÓN,C,78224.6050297,191274.399392,782246050.297
1357,ES4160043,Cueva de los Murciélagos,CASTILLA Y LEÓN,B,0.999953841886,354.487088435,9999.53841886
1358,ES0000115,Hoces del Río Duratón,CASTILLA Y LEÓN,C,5041.90064619,45189.1508283,50419006.4619
1359,ES4160104,Hoces del Río Riaza,CASTILLA Y LEÓN,B,5180.83579956,48297.3734475,51808357.9956
1360,ES4160062,Lagunas de Coca y Olmedo,CASTILLA Y LEÓN,B,1225.94199229,226316.638637,12259419.9229
1361,ES4160063,Lagunas de Santa María la Real de Nieva,CASTILLA Y LEÓN,B,630.865864419,101889.735797,6308658.64419
1362,ES4160109,Sierra de Guadarrama,CASTILLA Y LEÓN,B,69678.6964135,248669.756653,696786964.135
1363,ES4160111,Valles del Voltoya y el Zorita,CASTILLA Y LEÓN,B,39653.0463106,291063.010987,396530463.106
1364,ES4120093,Humada-Peña Amaya,CASTILLA Y LEÓN,B,36839.3003712,145828.879068,368393003.712
1365,ES4130145,Lagunas de los Oteros,CASTILLA Y LEÓN,B,4117.99603226,34299.8766762,41179960.3226
1366,ES4190067,Riberas del Río Tera y afluentes,CASTILLA Y LEÓN,B,2276.79465593,523889.789673,22767946.5593
1367,ES4120092,Sierra de la Demanda,CASTILLA Y LEÓN,B,70744.7887877,318072.581231,707447887.877
1368,ES4120089,Hoces del Alto Ebro y Rudrón,CASTILLA Y LEÓN,B,46275.6243993,156866.438654,462756243.993
1369,ES0000210,Alto Sil,CASTILLA Y LEÓN,C,43768.1807288,120628.442388,437681807.288
1370,ES4130010,Sierra de los Ancares,CASTILLA Y LEÓN,C,55408.481692,135998.428174,554084816.92
1371,ES4150127,Riberas del Río Águeda,CASTILLA Y LEÓN,B,945.958981413,46038.9267015,9459589.81413
1372,ES4170120,Páramo de Layna,CASTILLA Y LEÓN,B,6253.47570485,56187.3752399,62534757.0485
1373,ES0000204,Tierra de Campiñas,CASTILLA Y LEÓN,A,139734.323118,225144.569851,1397343231.18
1374,ES0000189,Campo Azálvaro - Pinares de Peguerinos - ZEPA,CASTILLA Y LEÓN,A,28263.0913449,128691.805229,282630913.449
1375,ES0000190,Encinares de los ríos Adaja y Voltoya - ZEPA,CASTILLA Y LEÓN,A,27065.6693162,119458.314001,270656693.162
1376,ES0000217,Penillanuras-Campos Norte,CASTILLA Y LEÓN,A,13187.2670538,68735.5117054,131872670.538
1377,ES0000215,Oteros-Cea,CASTILLA Y LEÓN,A,4446.62993962,60960.0570977,44466299.3962
1378,ES4130024,Sierra de la Cabrera - ZEPA,CASTILLA Y LEÓN,A,19936.5741492,108046.069598,199365741.492
1379,ES0000194,Oteros-Campos,CASTILLA Y LEÓN,A,31711.538062,126786.135599,317115380.62
1380,ES4140036,La Nava-Campos Norte,CASTILLA Y LEÓN,A,55012.2058271,149037.070491,550122058.271
1381,ES0000220,Riberas del Pisuerga,CASTILLA Y LEÓN,A,632.496580537,56103.4558536,6324965.80537
1382,ES0000216,La Nava-Campos Sur,CASTILLA Y LEÓN,A,39085.4895759,116008.787056,390854895.759
1383,ES0000118,Arribes del Duero - ZEPA,CASTILLA Y LEÓN,A,108054.005103,406510.301231,1080540051.03
1384,ES0000207,Penillanuras-Campos Sur,CASTILLA Y LEÓN,A,23922.6857158,96327.7078375,239226857.158
1385,ES0000209,Tierra del Pan,CASTILLA Y LEÓN,A,14615.967734,71182.7405845,146159677.34
1386,ES0000203,Altos de Barahona - ZEPA,CASTILLA Y LEÓN,A,42881.2704547,146032.117224,428812704.547
1387,ES0000357,Altos Campos de Gómara,CASTILLA Y LEÓN,A,15138.8787342,59275.1264249,151388787.342
1388,ES4150005,Las Batuecas-Sierra de Francia -ZEPA,CASTILLA Y LEÓN,A,30221.0645805,138296.740521,302210645.805
1389,ES0000218,Campo de Argañán - ZEPA,CASTILLA Y LEÓN,A,17268.5822537,76156.643903,172685822.537
1390,ES0000202,Campo de Azaba - ZEPA,CASTILLA Y LEÓN,A,36586.1867877,94933.9189128,365861867.877
1391,ES0000359,Campos de Alba,CASTILLA Y LEÓN,A,15416.1317869,109057.767069,154161317.869
1392,ES4150006,Candelario - ZEPA,CASTILLA Y LEÓN,A,7054.73496114,43319.0994357,70547349.6114
1393,ES0000206,Cañones del Duero - ZEPA,CASTILLA Y LEÓN,A,17546.3041328,79172.6178203,175463041.328
1394,ES0000185,Cerro de Guisando - ZEPA,CASTILLA Y LEÓN,A,3680.45881064,36731.8929699,36804588.1064
1395,ES0000360,Cihuela-Deza,CASTILLA Y LEÓN,A,4473.61865253,34699.8974471,44736186.5253
1396,ES0000191,Embalse del Ebro,CASTILLA Y LEÓN,A,5979.2582598,36099.1647382,59792582.598
1397,ES4110086,Encinares de la Sierra de Ávila - ZEPA,CASTILLA Y LEÓN,A,9581.62488127,60704.338706,95816248.8127
1398,ES4120036,Hoces del Alto Ebro y Rudrón - ZEPA,CASTILLA Y LEÓN,A,51480.4705941,184611.152425,514804705.941
1399,ES4160008,Hoces del Río Riaza - ZEPA,CASTILLA Y LEÓN,A,6543.03980232,55270.0518265,65430398.0232
1400,ES4190009,Lago de Sanabria y alrededores - ZEPA,CASTILLA Y LEÓN,A,30494.5926271,107477.112116,304945926.271
1401,ES4160048,Lagunas de Cantalejo - ZEPA,CASTILLA Y LEÓN,A,12641.8129792,91062.4726807,126418129.792
1402,ES0000004,Lagunas de Villafáfila,CASTILLA Y LEÓN,A,32532.7278416,96560.3356127,325327278.416
1403,ES0000208,Llanuras del Guareña,CASTILLA Y LEÓN,A,41738.9318501,157172.707889,417389318.501
1404,ES0000363,Monteagudo de las Vicarías,CASTILLA Y LEÓN,A,15526.2371944,93534.6395644,155262371.944
1405,ES0000187,Montes de Miranda de Ebro y Ameyugo - ZEPA,CASTILLA Y LEÓN,A,6654.47823294,58661.7874702,66544782.3294
1406,ES0000362,La Nava-Rueda,CASTILLA Y LEÓN,A,7180.19173247,44435.8465792,71801917.3247
1407,ES0000364,Omaña - ZEPA,CASTILLA Y LEÓN,A,24173.2779363,91267.7173807,241732779.363
1408,ES0000255,Páramo de Layna - ZEPA,CASTILLA Y LEÓN,A,7526.40449578,52500.5236784,75264044.9578
1409,ES0000186,Pinares del Bajo Alberche - ZEPA,CASTILLA Y LEÓN,A,50536.043886,126757.393984,505360438.86
1410,ES4150039,Quilamas - ZEPA,CASTILLA Y LEÓN,A,10228.4709477,65225.7139053,102284709.477
1411,ES0000247,Riberas de los Ríos Huebra y Yeltes,CASTILLA Y LEÓN,A,2374.0009521,111270.829217,23740009.521
1412,ES4150087,Río Águeda,CASTILLA Y LEÓN,A,554.653391424,32203.4131818,5546533.91424
1413,ES0000219,Río Alagón,CASTILLA Y LEÓN,A,2309.38506891,134601.79237,23093850.6891
1414,ES4170044,Sierra del Moncayo - ZEPA,CASTILLA Y LEÓN,A,5654.14591691,48991.8517606,56541459.1691
1415,ES0000193,Sierra de la Tesla-Valdivielso - ZEPA,CASTILLA Y LEÓN,A,21272.4811205,87222.9347186,212724811.205
1416,ES4170013,Sierra de Urbión,CASTILLA Y LEÓN,A,39741.2269429,239954.897115,397412269.429
1417,ES0000366,Valdería-Jamuz,CASTILLA Y LEÓN,A,9721.52632014,69614.1861063,97215263.2014
1418,ES4130022,Montes Aquilanos,CASTILLA Y LEÓN,A,33007.027198,218461.164409,330070271.98
1419,ES0000365,Páramo Leonés,CASTILLA Y LEÓN,A,7029.52116173,42508.1614721,70295211.6173
1420,ES4120031,Sabinares del Arlanza - ZEPA,CASTILLA Y LEÓN,A,37438.4388468,113247.072005,374384388.468
1421,ES4120012,Sierra de la Demanda - ZEPA,CASTILLA Y LEÓN,A,50935.9868907,159874.551089,509359868.907
1422,ES0000188,Valles del Voltoya y el Zorita - ZEPA,CASTILLA Y LEÓN,A,49550.4188002,227953.446599,495504188.002
1423,ES0000358,Campo de Aliste,CASTILLA Y LEÓN,A,6132.78664801,48143.2804962,61327866.4801
1424,ES0000192,Humada-Peña Amaya - ZEPA,CASTILLA Y LEÓN,A,39888.327005,110319.714468,398883270.05
1425,ES0000361,Dehesa de los Ríos Gamo y Margañán,CASTILLA Y LEÓN,A,7532.82907206,45255.3904251,75328290.7206
1426,ES0000201,Camino de Santiago,CASTILLA Y LEÓN,A,22849.9959913,63489.111886,228499959.913
1427,ES0000184,Valle del Tiétar - ZEPA,CASTILLA Y LEÓN,A,64340.5882757,295594.296535,643405882.757
1428,ES0000007,Cañón del Río Lobos - ZEPA,CASTILLA Y LEÓN,A,10131.729654,76390.6420019,101317296.54
1429,ES0000010,Sierra de Guadarrama - ZEPA,CASTILLA Y LEÓN,A,69298.3032819,214670.477336,692983032.819
1430,ES4170029,Sabinares Sierra de Cabrejas,CASTILLA Y LEÓN,B,32671.694566,255417.875865,326716945.66
1431,ES6320001,Zona marítimo terrestre de los acantilados de Aguadú,MELILLA,B,56.1219619124,3863.88744425,561219.619124
1432,ES6320002,Barranco del Nano,MELILLA,B,35.4577957121,3385.029201,354577.957121
1433,ES4310003,Complejo Lagunar de la Albuera,EXTREMADURA,B,1924.1342924,20147.9063986,19241342.924
1434,ES4310008,Estena,EXTREMADURA,B,7866.09147521,188670.729531,78660914.7521
1435,ES4310010,La Serena,EXTREMADURA,B,148156.821125,927757.933311,1481568211.25
1436,ES4310015,Río Alcarrache,EXTREMADURA,B,1336.89710644,118311.964943,13368971.0644
1437,ES4310017,Río Aljucén Bajo,EXTREMADURA,B,426.262254998,36144.087926,4262622.54998
1438,ES4310019,Río Ardila Alto,EXTREMADURA,B,1047.80531463,96662.3869418,10478053.1463
1439,ES4310020,Río Ardila Bajo,EXTREMADURA,B,964.785583273,117876.205876,9647855.83273
1440,ES4310022,Río Gevora Alto,EXTREMADURA,B,2826.34547814,267299.979583,28263454.7814
1441,ES4310023,Río Guadalemar,EXTREMADURA,B,373.215285104,35281.521948,3732152.85104
1442,ES4310024,Río Guadamez,EXTREMADURA,B,2236.75576659,222674.216243,22367557.6659
1443,ES4310026,Río Guadiana Alto - Zujar,EXTREMADURA,B,3080.82885747,367077.840041,30808288.5747
1444,ES4310027,Río Guadiana Internacional,EXTREMADURA,B,654.810432717,64367.1618227,6548104.32717
1445,ES4310028,Río Matachel,EXTREMADURA,B,1440.81748215,187138.845504,14408174.8215
1446,ES4310032,Rivera de los Limonetes - Nogales,EXTREMADURA,B,389.68121143,104010.555923,3896812.1143
1447,ES4310036,Sierra de Escorial,EXTREMADURA,B,663.296911165,20863.6513956,6632969.11165
1448,ES4310040,Sierra de Moraleja,EXTREMADURA,B,1913.40746985,30412.8957586,19134074.6985
1449,ES4310043,Sierra de Villares - Balbueno,EXTREMADURA,B,500.893229842,20937.6441424,5008932.29842
1450,ES4310045,Valdecigüeñas,EXTREMADURA,B,3734.83241946,42747.6095372,37348324.1946
1451,ES4310048,Corredor del Lacara,EXTREMADURA,B,648.684699027,77125.6325227,6486846.99027
1452,ES4310049,Cueva del Valle de Santa Ana,EXTREMADURA,B,3.13739018233,628.103160201,31373.9018233
1453,ES4310050,Cuevas de Alconera,EXTREMADURA,B,3.13739322874,628.103465137,31373.9322874
1454,ES4310055,Refugio de Sierra Pascuala,EXTREMADURA,B,3.13739762877,628.103905576,31373.9762877
1455,ES4310059,Río Gevora Bajo,EXTREMADURA,B,374.668696849,37460.6544629,3746686.96849
1456,ES4310060,Corredores de Siruela,EXTREMADURA,B,2709.04602971,155145.585748,27090460.2971
1457,ES4310061,Laguna temporal de Murtales,EXTREMADURA,B,29.9260013253,4594.52537025,299260.013253
1458,ES4310062,Laguna temporal de Tres Arroyos,EXTREMADURA,B,7.77144409101,1026.18857706,77714.4409101
1459,ES4310063,Río Bembezar,EXTREMADURA,B,1102.33110461,139940.503628,11023311.0461
1460,ES4310064,Río Ortiga,EXTREMADURA,B,1080.43900896,104482.757916,10804390.0896
1461,ES4310065,Río Palomillas,EXTREMADURA,B,463.408990094,43574.9339134,4634089.90094
1462,ES4310066,Sierra de Maria Andres,EXTREMADURA,B,4008.77228068,52706.3954448,40087722.8068
1463,ES4310067,Sierras de Alor y Monte Longo,EXTREMADURA,B,6682.98264301,59101.7555876,66829826.4301
1464,ES4310068,Sierras de Bienvenida y la Capitana,EXTREMADURA,B,480.572864597,15825.7709057,4805728.64597
1465,ES4310069,Cueva del Agua,EXTREMADURA,B,3.1345751963,758.303088259,31345.751963
1466,ES4310070,Mina las Marias,EXTREMADURA,B,3.12132818614,627.297944801,31213.2818614
1467,ES4310071,Mina los Castillejos,EXTREMADURA,B,3.13739815086,628.103957836,31373.9815086
1468,ES4310072,Mina Mariquita,EXTREMADURA,B,3.13742553358,628.106698832,31374.2553358
1469,ES4310073,Mina los Novilleros,EXTREMADURA,B,3.12135504182,627.300643417,31213.5504182
1470,ES4310074,Arroyos Cabriles y Friegamuñoz,EXTREMADURA,B,121.492837882,50429.8762294,1214928.37882
1471,ES4310075,Rivera de Taliga,EXTREMADURA,B,120.815956433,29427.7687762,1208159.56433
1472,ES4320001,Canchos de Ramiro,EXTREMADURA,B,7040.83204293,263084.811166,70408320.4293
1473,ES4320002,Cedillo y Río Tajo Internacional,EXTREMADURA,B,22697.5964981,677833.374102,226975964.981
1474,ES4320005,Dehesas del Ruecas y Cubilar,EXTREMADURA,B,7442.70492498,57116.8176319,74427049.2498
1475,ES4320011,Las Hurdes,EXTREMADURA,B,26268.394011,232233.601927,262683940.11
1476,ES4320013,Granadilla,EXTREMADURA,B,24210.6501477,102170.359201,242106501.477
1477,ES4320016,Río Aljucen Alto,EXTREMADURA,B,527.88150063,49759.7441385,5278815.0063
1478,ES4320018,Río Almonte,EXTREMADURA,B,9409.2917615,808995.153765,94092917.615
1479,ES4320021,Río Erjas,EXTREMADURA,B,1457.14049343,252642.621135,14571404.9343
1480,ES4320029,Río Ruecas Alto,EXTREMADURA,B,878.360336488,71446.4806395,8783603.36488
1481,ES4320030,Río Salor,EXTREMADURA,B,391.147833216,36212.7543521,3911478.33216
1482,ES4320031,Río Tietar,EXTREMADURA,B,4320.99112628,667065.695883,43209911.2628
1483,ES4320033,Rivera de los Molinos y la Torre,EXTREMADURA,B,520.516946639,49928.2161107,5205169.46639
1484,ES4320035,Sierra de Cabezas de Aguila,EXTREMADURA,B,5315.163206,76335.0811702,53151632.06
1485,ES4320037,Sierra de Gata,EXTREMADURA,B,17510.0402158,235054.110682,175100402.158
1486,ES4320038,Sierra de Gredos y Valle del Jerte,EXTREMADURA,B,69526.9272748,587541.614499,695269272.748
1487,ES4320046,Regato Guadalto,EXTREMADURA,B,261.726835855,25082.1516234,2617268.35855
1488,ES4320047,Sierras de Risco Viejo,EXTREMADURA,B,11951.3033842,152298.000943,119513033.842
1489,ES4320051,Mina de la Aurora,EXTREMADURA,B,3.13732763291,628.096898991,31373.2763291
1490,ES4320052,Mina de la Rivera de Acebo,EXTREMADURA,B,4.88339367122,784.377489474,48833.9367122
1491,ES4320057,Refugio del Alto de San Blas,EXTREMADURA,B,4.90351940398,785.187523222,49035.1940398
1492,ES4320060,Arroyos Barbaon y Calzones,EXTREMADURA,B,2055.67919316,253440.880919,20556791.9316
1493,ES4320061,Arroyos Patana y Regueros,EXTREMADURA,B,1039.61511057,97819.0984435,10396151.1057
1494,ES4320062,Cañada del Venero,EXTREMADURA,B,2295.02297633,51414.3764547,22950229.7633
1495,ES4320063,Embalse Arce de Abajo,EXTREMADURA,B,54.0267287564,2842.8837196,540267.287564
1496,ES4320064,Embalse de Lancho,EXTREMADURA,B,163.711893913,5818.47890543,1637118.93913
1497,ES4320065,Embalse de Petit I,EXTREMADURA,B,154.623898624,5361.6092313,1546238.98624
1498,ES4320066,Laguna temporal de Corrales,EXTREMADURA,B,5.93854184887,1635.50624395,59385.4184887
1499,ES4320067,Laguna temporal de Valdehornos,EXTREMADURA,B,4.23752884934,969.885649733,42375.2884934
1500,ES4320068,Márgenes de Valdecañas,EXTREMADURA,B,132.797151337,5099.30290857,1327971.51337
1501,ES4320069,Río Esperaban,EXTREMADURA,B,777.185326631,146559.236621,7771853.26631
1502,ES4320070,Río Guadalupejo,EXTREMADURA,B,547.935578169,50936.2297545,5479355.78169
1503,ES4320071,Ríos Alagon y Jerte,EXTREMADURA,B,3131.62310767,418383.372105,31316231.0767
1504,ES4320072,Ríos Arrago y Tralgas,EXTREMADURA,B,826.9803246,112799.914367,8269803.246
1505,ES4320073,Rivera de Aurela,EXTREMADURA,B,1068.54593535,71138.4425382,10685459.3535
1506,ES4320074,Rivera de Membrio,EXTREMADURA,B,638.811914386,54393.6914637,6388119.14386
1507,ES4320075,Riveras de Carbajo y Calatrucha,EXTREMADURA,B,1065.95631086,66847.0369281,10659563.1086
1508,ES4320076,Riveras de Gata y Acebo,EXTREMADURA,B,1199.13628848,149493.312391,11991362.8848
1509,ES4320077,Monfragüe,EXTREMADURA,B,114817.716306,385802.221623,1148177163.06
1510,ES4320078,Monasterio de Yuste,EXTREMADURA,B,13.8098427118,1512.90378626,138098.427118
1511,ES4320079,Mina la Paloma,EXTREMADURA,B,3.74770154231,689.040111421,37477.0154231
1512,ES4320080,Tunel de Cañamero,EXTREMADURA,B,6.27496267421,1256.22456942,62749.6267421
1513,ES0000014,Monfragüe y las Dehesas del Entorno,EXTREMADURA,A,116093.415842,266960.763624,1160934158.42
1514,ES0000068,Embalse de Orellana y Sierra de Pela,EXTREMADURA,C,42667.7582556,117783.613657,426677582.556
1515,ES0000069,Embalse de Cornalvo y Sierra Bermeja,EXTREMADURA,C,13038.6877116,68861.2105185,130386877.116
1516,ES0000070,Sierra de San Pedro,EXTREMADURA,C,115176.75267,333837.895682,1151767526.7
1517,ES0000071,Llanos de Cáceres y Sierra de Fuentes,EXTREMADURA,A,69664.8428972,159738.673205,696648428.972
1518,ES0000072,Sierra Grande de Hornachos,EXTREMADURA,C,12469.289535,57942.9205907,124692895.35
1519,ES0000324,Embalse de Arrocampo,EXTREMADURA,A,830.566096417,50303.0032937,8305660.96417
1520,ES0000325,Campiña sur - Embalse de Arroyo Conejos,EXTREMADURA,A,44807.8062548,177571.54721,448078062.548
1521,ES0000326,Embalse de Borbollón,EXTREMADURA,A,1007.81679706,35677.5229537,10078167.9706
1522,ES0000327,Embalse de los Canchales,EXTREMADURA,A,900.974811974,30233.2839708,9009748.11974
1523,ES0000328,Embalse de Montijo,EXTREMADURA,A,393.728225994,21793.5779696,3937282.25994
1524,ES0000329,Embalse de Valdecañas,EXTREMADURA,A,8181.56112848,285634.410588,81815611.2848
1525,ES0000330,Embalse de Valuengo,EXTREMADURA,A,284.952276576,29506.7905452,2849522.76576
1526,ES0000331,Colonias de Cernícalo Primilla de Almendralejo,EXTREMADURA,A,61.9047232088,3584.86681136,619047.232088
1527,ES0000332,Llanos de Trujillo,EXTREMADURA,A,7707.08011252,43882.7886571,77070801.1252
1528,ES0000333,Llanos de Zorita y Embalse de Sierra Brava,EXTREMADURA,A,18695.7582114,109529.35144,186957582.114
1529,ES0000334,Sierras Centrales y Embalse de Alange,EXTREMADURA,A,17692.0254727,227111.067424,176920254.727
1530,ES0000335,Sierras de Peñalsordo y Capilla,EXTREMADURA,A,4516.63496026,46016.4125235,45166349.6026
1531,ES0000355,Hurdes,EXTREMADURA,A,27235.8528264,227208.735377,272358528.264
1532,ES0000356,Riberos del Almonte,EXTREMADURA,A,9735.32363578,799269.331507,97353236.3578
1533,ES0000367,La Serena y Sierras Periféricas,EXTREMADURA,A,154971.218955,981724.547782,1549712189.55
1534,ES0000368,Río Tajo Internacional y Riberos,EXTREMADURA,A,25478.5311451,869374.169193,254785311.451
1535,ES0000369,Llanos de Alcantara y Brozas,EXTREMADURA,C,46578.6106004,316259.592301,465786106.004
1536,ES0000370,Sierra de Gata y Valle de las Pilas,EXTREMADURA,A,19107.5832423,221419.130161,191075832.423
1537,ES0000371,Sierra de Moraleja y Piedra Santa,EXTREMADURA,A,3602.50804334,32236.3897635,36025080.4334
1538,ES0000393,Azud de Badajoz,EXTREMADURA,A,400.56609209,27680.4413077,4005660.9209
1539,ES0000394,Colonias de Cernícalo Primilla de Saucedilla,EXTREMADURA,A,3.10960728309,765.919904711,31096.0728309
1540,ES0000395,Charca la Vega del Machal,EXTREMADURA,A,6.63930940766,1119.56840234,66393.0940766
1541,ES0000396,Embalse de Horno-Tejero,EXTREMADURA,A,329.648852808,23239.480952,3296488.52808
1542,ES0000397,Embalse de la Serena,EXTREMADURA,A,15877.1933926,596858.452626,158771933.926
1543,ES0000398,Llanos y Complejo Lagunar de la Albuera,EXTREMADURA,A,36461.9324952,131308.159856,364619324.952
1544,ES0000399,Embalse del Zujar,EXTREMADURA,A,1521.62539006,82949.354187,15216253.9006
1545,ES0000400,Arrozales de Palazuelo y Guadalperales,EXTREMADURA,A,13324.2607958,102768.830554,133242607.958
1546,ES0000401,Colonias de Cernícalo Primilla de Acedera,EXTREMADURA,A,0.0515168738793,90.8688871776,515.168738793
1547,ES0000402,Colonias de Cernícalo Primilla de Trujillo,EXTREMADURA,A,208.11965155,9468.86345087,2081196.5155
1548,ES0000403,Colonias de Cernícalo Primilla de Fuente de Cantos,EXTREMADURA,A,41.3365345233,3197.66294645,413365.345233
1549,ES0000404,Colonias de Cernícalo Primilla de Guareña,EXTREMADURA,A,19.5018839871,1934.62926096,195018.839871
1550,ES0000405,Colonias de Cernícalo Primilla de LLerena,EXTREMADURA,A,43.8305803571,2956.38133954,438305.803571
1551,ES0000406,Colonias de Cernícalo Primilla de Zafra,EXTREMADURA,A,36.5473246509,3261.55806448,365473.246509
1552,ES0000407,Nacimiento del Río Gevora,EXTREMADURA,A,21047.7782968,100957.418569,210477782.968
1553,ES0000408,"Vegas del Ruecas, Cubilar y Moheda Alta",EXTREMADURA,A,14226.317757,67819.8340193,142263177.57
1554,ES0000409,Complejo Lagunar Ejido Nuevo,EXTREMADURA,A,70.6171372343,12753.1001823,706171.372343
1555,ES0000410,Complejo los Arenales,EXTREMADURA,A,174.552421614,12919.1665844,1745524.21614
1556,ES0000411,Charca Dehesa Boyal Navalmoral,EXTREMADURA,A,14.4209589181,3757.52532749,144209.589181
1557,ES0000412,Charca la Torre,EXTREMADURA,A,2.13700675314,561.233659719,21370.0675314
1558,ES0000413,Charca Arce de Abajo,EXTREMADURA,A,11.5053729671,2253.85289938,115053.729671
1559,ES0000415,Embalse de Alcántara,EXTREMADURA,A,8624.7791913,477294.020137,86247791.913
1560,ES0000416,Embalse de Aldea del Cano,EXTREMADURA,A,185.937274467,9963.77252191,1859372.74467
1561,ES0000417,Embalse de Brozas,EXTREMADURA,A,30.0963852981,4265.65843122,300963.852981
1562,ES0000418,Embalse de Talaván,EXTREMADURA,A,7773.98082247,43580.3587947,77739808.2247
1563,ES0000420,Embalse de Vegas Altas,EXTREMADURA,A,8.11914492929,1864.44290328,81191.4492929
1564,ES0000421,Embalse Gabriel y Galán,EXTREMADURA,A,8421.94245844,172160.792972,84219424.5844
1565,ES0000422,Colonias de Cernícalo Primilla de la Ciudad Monumental de Cáceres,EXTREMADURA,A,17.5035107884,1776.86962268,175035.107884
1566,ES0000423,Colonias de Cernícalo Primilla de Garrovillas,EXTREMADURA,A,30.542283125,4094.67582655,305422.83125
1567,ES0000424,Colonias de Cernícalo Primilla de San Vicente de Alcántara,EXTREMADURA,A,23.472448485,2537.65646677,234724.48485
1568,ES0000425,Magasca,EXTREMADURA,A,10868.5260301,97229.3630786,108685260.301
1569,ES0000426,Pinares de Garrovillas,EXTREMADURA,A,2583.10448772,34145.6090221,25831044.8772
1570,ES0000427,Río y Pinares del Tietar,EXTREMADURA,A,8716.47078473,672274.551395,87164707.8473
1571,ES0000428,Colonias de Cernícalo Primilla de Casa de la Enjarada,EXTREMADURA,A,8.48324389989,1174.78275618,84832.4389989
1572,ES0000429,Colonias de Cernícalo Primilla de Brozas,EXTREMADURA,A,65.7098695423,6443.78061766,657098.695423
1573,ES0000430,Colonias de Cernícalo Primilla de Alburquerque,EXTREMADURA,A,23.910585719,2221.60138952,239105.85719
1574,ES0000431,Colonias de Cernícalo Primilla de Jaraiz de la Vera,EXTREMADURA,A,33.1646814438,2907.37302495,331646.814438
1575,ES0000432,Colonias de Cernícalo Primilla de Rivera del Fresno,EXTREMADURA,A,29.6336344199,2983.04787694,296336.344199
1576,ES0000433,Colonias de Cernícalo Primilla de Belvis de Monroy,EXTREMADURA,A,1.90327107696,626.657998402,19032.7107696
1577,ES0000434,Canchos de Ramiro y Ladronera,EXTREMADURA,A,23423.9958952,326421.689228,234239958.952
1578,ES0000533,Colonias de Cernícalo Primilla de Jerez de los Caballeros,EXTREMADURA,A,66.2290592654,4736.2518336,662290.592654
1579,ES0000534,Colonias de Cernícalo Primilla y El Cachón de Plasencia,EXTREMADURA,A,33.6881875013,3841.50887671,336881.875013
1580,ES4310004,Dehesas de Jerez,EXTREMADURA,C,47535.1702792,208442.13626,475351702.792
1581,ES4310009,Puerto Peña - los Golondrinos,EXTREMADURA,C,35322.5352162,272875.637841,353225352.162
1582,ES4310042,Sierra de Siruela,EXTREMADURA,C,6677.76646497,87473.2807648,66777664.6497
1583,ES4320039,Sierra de las Villuercas y Valle del Guadarranque,EXTREMADURA,C,77495.2930944,365264.68859,774952930.944
1584,ES1200006,Ría de Villaviciosa,ASTURIAS,C,1247.16033795,29387.6235839,12471603.3795
1585,ES1200007,Cueva Rosa,ASTURIAS,B,127.020362043,4939.38208898,1270203.62043
1586,ES1200026,Río Negro,ASTURIAS,B,54.8674004581,37759.5568851,548674.004581
1587,ES1200029,Río Nalón,ASTURIAS,B,721.29566556,104839.864874,7212956.6556
1588,ES1200031,Río Pigüeña,ASTURIAS,B,51.0725650405,18695.5545462,510725.650405
1589,ES1200036,Alcornocales del Navia,ASTURIAS,B,53.8009578434,16867.0179484,538009.578434
1590,ES1200042,Sierra Plana de la Borbolla,ASTURIAS,B,1022.32597891,38099.8921085,10223259.7891
1591,ES1200043,Sierra del Sueve,ASTURIAS,B,3449.18197562,38691.0929947,34491819.7562
1592,ES1200044,Turbera de la Molina,ASTURIAS,B,34.9426996732,2794.5262301,349426.996732
1593,ES1200045,Turbera de Las Dueñas,ASTURIAS,B,26.2455218596,2933.19404697,262455.218596
1594,ES1200049,Cuenca del Agüeira,ASTURIAS,B,171.05246347,92969.7521749,1710524.6347
1595,ES1200053,Río del Oro,ASTURIAS,B,71.9731596499,39918.1122177,719731.596499
1596,ES1200011,Peña Ubiña,ASTURIAS,B,13235.2762877,66485.0834773,132352762.877
1597,ES0000319,Ría de Ribadesella-Ría de Tinamayor,ASTURIAS,C,5960.15201949,179942.835754,59601520.1949
1598,ES1200039,Cuencas Mineras,ASTURIAS,B,13156.0662,74230.2932493,131560662.0
1599,ES1200040,Meandros del Nora,ASTURIAS,B,66.746860796,6387.65639109,667468.60796
1600,ES1200010,Montovo-La Mesa,ASTURIAS,B,15035.1199299,109488.783214,150351199.299
1601,ES1200002,Muniellos,ASTURIAS,C,5323.09658086,51952.3091195,53230965.8086
1602,ES1200041,Peña Manteca-Genestaza,ASTURIAS,B,7912.4856162,70666.680171,79124856.162
1603,ES1200022,Playa de Vega,ASTURIAS,B,39.0787260584,8464.30797594,390787.260584
1604,ES1200009,Ponga-Amieva,ASTURIAS,C,28103.4534155,88139.6313419,281034534.155
1605,ES1200008,Redes,ASTURIAS,C,37702.1055947,98837.9485605,377021055.947
1606,ES1200016,Ría del Eo,ASTURIAS,C,1883.75765415,37973.1609776,18837576.5415
1607,ES1200035,Río Cares-Deva,ASTURIAS,B,333.955809847,115013.564754,3339558.09847
1608,ES1200028,Río Esqueiro,ASTURIAS,B,16.6576242965,11041.0363917,166576.242965
1609,ES1200027,Río Esva,ASTURIAS,B,204.347791693,75172.9332091,2043477.91693
1610,ES1200030,Río Narcea,ASTURIAS,B,427.575814849,75259.7788701,4275758.14849
1611,ES1200025,Río Navia,ASTURIAS,B,89.6173495541,18349.0756312,896173.495541
1612,ES1200024,Río Porcía,ASTURIAS,B,60.646094835,20119.7360983,606460.94835
1613,ES1200034,Río Purón,ASTURIAS,B,31.440638524,13876.4853287,314406.38524
1614,ES1200032,Río Sella,ASTURIAS,B,579.665677108,174682.259111,5796656.77108
1615,ES1200052,Río Trubia,ASTURIAS,B,73.9715174444,31064.3510109,739715.174444
1616,ES1200014,Sierra de los Lagos,ASTURIAS,B,10981.3488873,61254.1556023,109813488.873
1617,ES0000054,Somiedo,ASTURIAS,C,29006.4335328,94241.2451627,290064335.328
1618,ES1200046,Valgrande,ASTURIAS,B,4737.41880835,40647.8050189,47374188.0835
1619,ES1200050,Cuenca del Alto Narcea,ASTURIAS,B,305.730967297,147012.510247,3057309.67297
1620,ES1200012,Caldoveiro,ASTURIAS,B,12539.3969312,69566.8897432,125393969.312
1621,ES1200055,Cabo Busto-Luanco,ASTURIAS,B,11641.8719079,217067.459511,116418719.079
1622,ES1200047,Yacimientos de Icnitas,ASTURIAS,B,3559.55949139,84563.8624299,35595594.9139
1623,ES1200001,Picos de Europa (Asturias),ASTURIAS,C,25056.4064802,115396.908768,250564064.802
1624,ES1200056,"Fuentes del Narcea, Degaña e Ibias",ASTURIAS,B,52384.9440357,239344.143764,523849440.357
1625,ES1200033,Río Las Cabras-Bedón,ASTURIAS,B,46.3465954442,16680.6582921,463465.954442
1626,ES0000317,Penarronda-Barayo,ASTURIAS,C,4316.69622234,128135.903337,43166962.2234
1627,ES1200037,Aller-Lena,ASTURIAS,B,13098.0758655,98534.1779572,130980758.655
1628,ES1200038,Carbayera de El Tragamón,ASTURIAS,B,4.51789498054,1527.76943993,45178.9498054
1629,ES1200023,Río Eo (Asturias),ASTURIAS,B,107.310068769,46104.0593488,1073100.68769
1630,ES1200048,Alto Navia,ASTURIAS,B,74.5374272591,23227.5679531,745374.272591
1631,ES1200051,Río Ibias,ASTURIAS,B,171.436534594,59445.3552431,1714365.34594
1632,ES0000320,"Embalses del centro (San Andrés, la Granda, Trasona y la Furta)",ASTURIAS,A,262.1160745,16754.9724508,2621160.745
1633,ES0000055,Fuentes del Narcea y del Ibias,ASTURIAS,A,51637.9752319,216964.829314,516379752.319
1634,ES0000318,Cabo Busto-Luanco,ASTURIAS,A,10042.5712096,232510.521895,100425712.096
1635,ES0000315,Ubiña-La Mesa,ASTURIAS,A,39331.2520219,205397.276788,393312520.219
1636,ES1200054,Ríos Negro y Aller,ASTURIAS,B,135.673284344,45473.2867944,1356732.84344
